id,date,likes,shares,bookmarks,comments,views,content
7265710757138976043,2023-08-10 15:08:32+00:00,5337.0,6.0,199.0,100.0,62400,How does he do it?! ğŸ’ªğŸ”¥ #WWE #ChadGable #TommasoCiampa
7265697969364569386,2023-08-10 14:18:54+00:00,11700.0,39.0,687.0,154.0,130100,You could tell bro was BIG MAD. ğŸ‘€ğŸ˜¤ #WWE #LAKnight #TheMiz
7265423504902966574,2023-08-09 20:33:51+00:00,33400.0,60.0,1566.0,170.0,572200,Big hat guy ğŸ§¢ğŸ˜‚ #WWE #BrockLesnar #SummerSlam
7265386026435136814,2023-08-09 18:08:24+00:00,118400.0,218.0,6953.0,646.0,1300000,BRUTAL ğŸ‘€ğŸ˜®â€ğŸ’¨ #WWE #ShaynaBaszler #RondaRousey #BeckyLynch
7265353425943104810,2023-08-09 16:01:54+00:00,68100.0,68.0,3921.0,203.0,956300,Cole was NOT having it. ğŸ«µğŸ˜¤ #WWE #LoganPaul #Ricochet #MichaelCole #SummerSlam
7265330523868777771,2023-08-09 14:33:02+00:00,409500.0,483.0,20800.0,1245.0,4000000,We canâ€™t get enough! ğŸ˜âœ¨ğŸ¤ #WWE #SamanthaIrvin #CodyRhodes #SethRollins #ShinsukeNakamura
7265057154111982891,2023-08-08 20:52:13+00:00,57600.0,225.0,3423.0,774.0,915200,Broâ€™s been waiting to say thatâ€¦ ğŸ‘€ğŸ«¢ #WWE #LAKnight #TheMiz #AttitudeEra
7265015697942531370,2023-08-08 18:11:21+00:00,120600.0,223.0,8257.0,452.0,1600000,His reactions just make everything better ğŸ¥°ğŸ”¥ğŸ‘ #WWE #RomanReigns #SoloSikoa #TheBloodline #MichaelCole #SummerSlam
7264979871414373678,2023-08-08 15:52:19+00:00,125200.0,4675.0,7832.0,2282.0,2100000,The details ğŸ¤ŒğŸ”¥ğŸ˜®â€ğŸ’¨ #WWE #JohnCena #Tattoo  ğŸ¥: @noahdonotcare on X
7264947642944195886,2023-08-08 13:47:15+00:00,1100000.0,1274.0,54000.0,3110.0,15400000,You can see the RAGE in her eyes ğŸ˜¡ğŸ”¥ #WWE #LoganPaul #SamanthaIrvin #SummerSlam
7264765457872244011,2023-08-08 02:00:17+00:00,34600.0,63.0,1919.0,205.0,1100000,Love the toast ğŸ‹ğŸ˜‰ #WWE #BeckyLynch #ShaynaBaszler #ZoeyStark
7264753512792378670,2023-08-08 01:13:56+00:00,53600.0,210.0,3086.0,372.0,946800,Such an awesome moment ğŸ¥¹ğŸ‘ğŸ”¥ #WWE #ChadGable #AlphaAcademy #WWERaw
7264689340209499438,2023-08-07 21:04:55+00:00,247200.0,593.0,12500.0,827.0,4600000,Logan deserved that oneâ€¦ ğŸ˜‚ğŸ‘‹ğŸ’¥ #WWE #LoganPaul #Ricochet #SummerSlam
7264673426709826858,2023-08-07 20:03:09+00:00,29400.0,90.0,1647.0,172.0,985600,Thats so gross ngl ğŸ¤®ğŸ‘€ #WWE #CharlotteFlair #Asuka #BiancaBelair #Mist #SummerSlam
7264646230783872298,2023-08-07 18:17:37+00:00,98000.0,974.0,6389.0,534.0,1300000,Whyâ€™s he gotta do @Dominik Mysterio dirty like that? ğŸ˜‚âš–ï¸ğŸ”¥ #WWE #TheJudgmentDay #RheaRipley #DominikMysterio #DamianPriest #FinnBalor
7264611745635962155,2023-08-07 16:03:48+00:00,57500.0,203.0,3959.0,286.0,980600,"With the help of @Isaiah Garza, this WWE fan was able to meet his favorite Superstar, #KevinOwens ğŸ”¥ğŸ‘ğŸ˜€ğŸ˜Š #WWE #SummerSlam #IsaiahGarza"
7264290897452420395,2023-08-06 19:18:45+00:00,101400.0,137.0,4834.0,367.0,2200000,Wins match â¡ï¸ Private Jet âœˆï¸ #WWE #LoganPaul #SummerSlam
7264274730910338350,2023-08-06 18:16:01+00:00,50100.0,151.0,2544.0,377.0,1900000,Nah thatâ€™s brutal ğŸ«£ğŸ‘€ #WWE #RondaRousey #ShaynaBaszler #SummerSlam
7264259740937522475,2023-08-06 17:17:51+00:00,116600.0,871.0,8040.0,703.0,3300000,How long do you think heâ€™s been waiting to do that? â˜ï¸ğŸ˜ #WWE #JeyUso #RomanReigns #TheBloodline #SummerSlam
7264209335566339371,2023-08-06 14:02:15+00:00,56400.0,355.0,3279.0,794.0,1300000,Broâ€™s having a great yearâ€¦ YEAH ğŸ‘ğŸ‘ğŸ‘ #WWE #LAKnight #SummerSlam
7264059753473609006,2023-08-06 04:21:47+00:00,299200.0,3062.0,21500.0,6071.0,4300000,WTF JIMMY??? ğŸ«¢ğŸ¤¯ğŸ˜¡ #WWE #JimmyUso #JeyUso #TheUsos #RomanReigns #TheBloodline #SummerSlam
7264054618823478571,2023-08-06 04:01:52+00:00,133700.0,251.0,7200.0,999.0,2400000,Will he have to hand over his Ula Fala  and crown him the new Tribal Chief? â˜ï¸ğŸ‘€ #WWE #RomanReigns #JeyUso #TheBloodline #SummerSlam
7264049373573647658,2023-08-06 03:41:31+00:00,91800.0,491.0,5236.0,1160.0,1800000,SHE DID IT! Ms. #MITB is now Ms. WWE Womenâ€™s Champion!! ğŸ‘ğŸ‘ğŸ‘ğŸ‘ #WWE #IYOSKY #Bayley #DakotaKai #SummerSlam
7264038035853954347,2023-08-06 02:57:31+00:00,126900.0,179.0,7697.0,401.0,2700000,The gangâ€™s all here! ğŸ˜ğŸ”¥ #WWE #DominikMysterio #RheaRipley #FinnBalor #DamianPriest #TheJudgmentDay #SummerSlam
7264021720414145834,2023-08-06 01:54:12+00:00,109700.0,527.0,5836.0,1079.0,2000000,YEAH!!! ğŸ”¥ğŸ”¥ğŸ”¥ #WWE #LAKnight #SummerSlam
7264017458460118315,2023-08-06 01:37:40+00:00,54800.0,257.0,2820.0,312.0,2700000,It took every single person in the ring to eliminate the big boi ğŸ˜‚ğŸ‘ğŸ”¥ #WWE #Omos #SummerSlam
7264012850903960875,2023-08-06 01:19:47+00:00,451400.0,3339.0,32900.0,3280.0,7000000,"After THREE BRUTAL battles, the better man won. ğŸ¤ğŸ”¥ #WWE #CodyRhodes #BrockLesnar #SummerSlam"
7264010137092853034,2023-08-06 01:09:15+00:00,7300000.0,31500.0,389600.0,27100.0,75600000,Not the outcome she was hoping forâ€¦ ğŸ˜”ğŸ˜®â€ğŸ’¨ #WWE #SamanthaIrvin #LoganPaul #SummerSlam
7264005541075193130,2023-08-06 00:51:25+00:00,193700.0,1618.0,7554.0,1066.0,5300000,"How!? No really, how does @Logan Paul do it? ğŸ«¢ğŸ”¥ #WWE #LoganPaul #Ricochet #SummerSlam"
7263999456545148203,2023-08-06 00:27:48+00:00,903500.0,2264.0,44800.0,2806.0,16100000,"Câ€™mon bro, leave her out of thisâ€¦ ğŸ˜¤ğŸ˜¡ #WWE #LoganPaul #SamanthaIrvin #Ricochet #SummerSlam"
7263962746511805742,2023-08-05 22:05:21+00:00,117600.0,1343.0,10800.0,559.0,3200000,Showing up to #SummerSlam tonight likeâ€¦ ğŸ’¥â€¼ï¸ #WWE #JohnCena #WrestleMania #Mustang #Ford
7263943476587334954,2023-08-05 20:50:35+00:00,198600.0,582.0,12400.0,399.0,2800000,Thats an amazing tribute ğŸ¥¹ğŸ•Šï¸ #WWE #Umaga #JeyUso #TheUsos
7263925015425371435,2023-08-05 19:38:56+00:00,58500.0,264.0,3289.0,271.0,1100000,The zoo is #KevinOwens happy place ğŸ§˜â€â™‚ï¸ğŸ¦’ #WWE #Zoo #Giraffe
7263910226150100266,2023-08-05 18:41:33+00:00,64900.0,237.0,5200.0,292.0,1100000,Paul was so scared ğŸ’€ğŸ¤£ #WWE #JeyUso #PaulHeyman #SoloSikoa #SummerSlam
7263861065270775086,2023-08-05 15:30:47+00:00,16200.0,56.0,932.0,162.0,653900,Heâ€™s obsessed with breaking fingers! ğŸ«£âœ‹ #WWE #Butch #KarlAnderson #BrawlingBrutes
7263840194124795182,2023-08-05 14:09:47+00:00,36800.0,92.0,2311.0,369.0,969800,What has gotten into her? ğŸ‘€âœ‚ï¸ #WWE #Bayley #Shotzi
7263823233089146155,2023-08-05 13:03:58+00:00,568900.0,2972.0,58900.0,2162.0,6900000,Canâ€™t blame him tbh ğŸ¤£ğŸ¤· #WWE #RheaRipley #DominikMysterio  ğŸ¥: @JB3andJB4 on Twitter
7263651778615430443,2023-08-05 01:58:38+00:00,79800.0,218.0,5306.0,502.0,1200000,Is tomorrow night #JeyUsoâ€™s night? â˜ï¸ğŸ˜¤ #WWE #SummerSlam #PaulHeyman #RomanReigns
7263587763205737771,2023-08-04 21:50:14+00:00,134200.0,288.0,8194.0,570.0,2000000,Whoâ€™s next? ğŸ‘€â˜ï¸ #WWE #TribalChief #RomanReigns #TheUsos
7263552566716419371,2023-08-04 19:33:39+00:00,491900.0,3833.0,38100.0,1954.0,4400000,Even his son acknowledges Roman ğŸ¤£â˜ï¸ğŸ˜¤ #WWE #RomanReigns #JeyUso #SummerSlam
7263512138851831083,2023-08-04 16:56:46+00:00,29900.0,123.0,1531.0,250.0,911100,Some say bro is still fallingâ€¦ ğŸ˜®â€ğŸ’¨ğŸ’¥ #WWE #BobbyLashley
7263470437760322858,2023-08-04 14:14:57+00:00,35600.0,59.0,1997.0,138.0,831600,"Sure it is, pal. ğŸ˜â˜ï¸#WWE #RomanReigns #GraysonWaller"
7263204789780073771,2023-08-03 21:04:06+00:00,35000.0,156.0,3122.0,566.0,706800,Nah fr thoâ€¦. YEET! â˜ï¸ğŸ˜¤ #WWE #JeyUso #YEET #SummerSlam
7263169480849640747,2023-08-03 18:47:05+00:00,4900000.0,13900.0,243400.0,12800.0,51700000,Her face says EVERYTHING. ğŸ‘€ğŸ˜¤ #WWE #SamanthaIrvin #LoganPaul #Ricochet #SummerSlam
7263132104517586218,2023-08-03 16:22:02+00:00,101900.0,258.0,6710.0,323.0,1400000,â€œI made you that!â€ ğŸ‘€ğŸ”¥â˜ï¸ #WWE #RomanReigns #JeyUso #TheBloodline #PaulHeyman #TheUsos
7263100817778036010,2023-08-03 14:20:38+00:00,45000.0,118.0,3255.0,180.0,1100000,Wow crazyâ€¦ your crazy boy. ğŸ¤ªğŸ”¥ #WWE #SethRollins #FinnBalor #RheaRipley #SummerSlam
7262837520986148139,2023-08-02 21:18:54+00:00,59400.0,231.0,6132.0,329.0,905000,Theyâ€™re unironically the most wholesome group of friends ğŸ¥¹âš–ï¸ #WWE #SamiZayn #RheaRipley #FinnBalor #DominikMysterio
7262808774228839726,2023-08-02 19:27:21+00:00,152100.0,1496.0,12900.0,1148.0,1700000,WAY too accurate ğŸ’€ğŸ’€ğŸ’€ #WWE #LAKnight #WillSmith #FreshPrince #UnclePhil #TopDolla
7262774429904784686,2023-08-02 17:14:05+00:00,69400.0,133.0,4373.0,308.0,1200000,He can get under anybodyâ€™s skinâ€¦ â˜ï¸ğŸ˜¤ #WWE #RomanReigns #JeyUso #SoloSikoa #TheBloodline
7262735915242507563,2023-08-02 14:44:37+00:00,201400.0,459.0,11600.0,796.0,2300000,Broâ€™s losing it fr ğŸ˜‚ğŸ‘ #WWE #LoganPaul #Ricochet #WHAT
7262469669280304430,2023-08-01 21:31:27+00:00,59800.0,216.0,3381.0,335.0,1600000,ğŸ›ğŸ›ğŸ› #WWE #MaxxineDupri #Otis #ChadGable #AlphaAcademy #Valhalla
7262436715321724206,2023-08-01 19:23:34+00:00,57100.0,158.0,3975.0,365.0,732600,WHATâ‰ï¸ #WWE #BrockLesnar #CodyRhodes #SummerSlam
7262393097605106990,2023-08-01 16:34:19+00:00,147800.0,271.0,7441.0,404.0,2500000,Logan got that nasty right hand ğŸ‘ŠğŸ’¥ğŸ”¥ #WWE #LoganPaul #Ricochet
7262363720695713066,2023-08-01 14:40:19+00:00,136200.0,292.0,10900.0,4104.0,2400000,"Fr though, whoâ€™s gonna stop them? ğŸ‘€âš–ï¸ğŸ”¥ #WWE #RheaRipley #FinnBalor #DominikMysterio #DamianPriest #TheJudgmentDay"
7262148924008566062,2023-08-01 00:46:48+00:00,148300.0,345.0,9280.0,785.0,2200000,Bro is an absolute menace ğŸ˜®â€ğŸ’¨ğŸ‘€ #WWE #LoganPaul #Ricochet #SummerSlam
7262144896780274990,2023-08-01 00:31:10+00:00,1500000.0,5425.0,77700.0,3923.0,14500000,Nah heâ€™s wrong for thisâ€¦ ğŸ«¢ğŸ‘€ #WWE #LoganPaul #SamanthaIrvin #Ricochet #SummerSlam
7262104496422276398,2023-07-31 21:54:24+00:00,162300.0,195.0,11500.0,382.0,1900000,The truth behind @Cody Rhodesâ€™ BRUTAL pec injuryâ€¦ ğŸ‘€ğŸ«¢  Stream American Nightmare: #BecomingCodyRhodes now on @Peacock! #WWE #CodyRhodes #SethRollins
7262067803966983467,2023-07-31 19:32:01+00:00,37000.0,200.0,2686.0,222.0,981300,Some may say these are their greatest hitsâ€¦ ğŸ‘€ğŸ«¢ #WWE #DrewMcIntyre #Gunther #Imperium #WrestleMania
7262031868688616750,2023-07-31 17:12:34+00:00,66100.0,320.0,4359.0,583.0,832200,Replying to @Khwaja Rabbi Reza Living up to his name ğŸ«¡ğŸ”¥ğŸ‘ #WWE #MattRiddle #Riddle
7261996894837132586,2023-07-31 14:56:51+00:00,39500.0,314.0,3648.0,450.0,490800,Heâ€™s not wrong ğŸ¤·ğŸ˜‚ #WWE #DominikMysterio #RheaRipley #HBK #ShawnMichaels #WWENXT
7261736468668878122,2023-07-30 22:06:16+00:00,38700.0,82.0,2833.0,299.0,812300,Us in rehab after Mami tells us to have fun: ğŸ’ªğŸ˜€ ğŸ¤¸ğŸ‹ï¸â€â™‚ï¸  #WWE #RheaRipley #LivMorgan
7261691251332812078,2023-07-30 19:10:48+00:00,57900.0,78.0,3009.0,227.0,1400000,Bro was just trying to defend his dadâ€¦ ğŸ˜®â€ğŸ’¨ğŸ‘ #WWE #BobbyLashley #Goldberg #SummerSlam
7261647989796654378,2023-07-30 16:22:55+00:00,129699.0,840.0,9128.0,628.0,2700000,He was really out there whipping the ref! ğŸ˜‚ğŸ˜‚ğŸ˜‚ #WWE #EddieGuerrero
7261619331316895019,2023-07-30 14:31:42+00:00,137700.0,382.0,8860.0,691.0,1700000,He got that dawg in himâ€¦ â˜ï¸ğŸ˜¤ğŸ”¥ #WWE #JeyUso #RomanReigns #SummerSlam #TheBloodline
7261334659122924843,2023-07-29 20:07:02+00:00,118600.0,498.0,8673.0,474.0,1700000,NEW Tribal Chief in town? ğŸ‘€â˜ï¸ğŸ˜¤ #WWE #RomanReigns #JeyUso #TheBloodline #SummerSlam
7261289727058496814,2023-07-29 17:12:40+00:00,128199.0,409.0,7529.0,651.0,2800000,Yo @The Rock why you just lettinâ€™ him do this? ğŸ˜®â€ğŸ’¨ğŸ‘ #WWE #TheRock #GraysonWaller
7261273401338219822,2023-07-29 16:09:19+00:00,124700.0,562.0,7855.0,585.0,3500000,Why is Cole such a savage? ğŸ˜‚ğŸ’€ #WWE #AustinTheory #MichaelCole
7261242840397745454,2023-07-29 14:10:44+00:00,32700.0,108.0,2236.0,234.0,458100,Ngl â€œTribal Chief Jey Usoâ€ does sound niceâ€¦ ğŸ¤”â˜ï¸ğŸ˜®â€ğŸ’¨ #WWE #RomanReigns #JeyUso #TheBloodline #TribalChief
7261061980440628511,2023-07-29 02:28:54+00:00,68700.0,324.0,3846.0,539.0,1100000,#RomanReigns sends a message ahead of #SummerSlam! #SmackDown #JeyUso #SoloSikoa
7260959267442658602,2023-07-28 19:50:19+00:00,45300.0,80.0,2808.0,208.0,813400,Couldnâ€™t do that again if you tried ğŸ˜‚ğŸ”¥ #WWE #Bayley #BiancaBelair
7260933677352340778,2023-07-28 18:11:01+00:00,9731.0,35.0,858.0,81.0,220100,Bro really said ğŸ’€ #WWE #BeckyLynch
7260902195095211306,2023-07-28 16:08:51+00:00,18000.0,176.0,1303.0,983.0,299200,Letâ€™s get a YEAH chain going in the comments ğŸ‘‡ğŸ”¥ #WWE #LAKnight #YEAH
7260603781732109611,2023-07-27 20:50:51+00:00,26600.0,83.0,2013.0,207.0,614600,Could have done it 619 times if they really wanted to nail it but thats ok ğŸ¤·ğŸ”¥ #WWE #ReyMysterio #Sheamus #LAKnight #CameronGrimes
7260572584327056682,2023-07-27 18:49:48+00:00,20800.0,106.0,2169.0,230.0,322900,"You already messed her up, Mami. No need for trash talk. ğŸ˜®â€ğŸ’¨ğŸ˜ˆâš–ï¸ #WWE #RheaRipley #LivMorgan"
7260532649108770090,2023-07-27 16:14:49+00:00,97500.0,2107.0,5901.0,2609.0,2800000,Snake bites are no jokeâ€¦ ğŸğŸ˜®â€ğŸ’¨ #WWE #SantinoMarella #JTG #Snake
7260506647833906474,2023-07-27 14:33:56+00:00,171300.0,1494.0,13700.0,1019.0,1900000,Why is bro cryin? ğŸ˜‚ğŸ¤¦ #WWE #RomanReigns #PaulHeyman #TheBloodline
7260245232036498734,2023-07-26 21:39:30+00:00,109300.0,187.0,8889.0,408.0,1500000,Ref ainâ€™t playinâ€™ ğŸ˜®â€ğŸ’¨ğŸ‘‰ #WWE #KevinOwens #RheaRipley #DamianPriest #Ejected
7260213644321901870,2023-07-26 19:36:55+00:00,27600.0,72.0,1816.0,312.0,520400,Anybody wanna tell him? ğŸ˜‚ğŸ”¥ #WWE #DominikMysterio #SamiZayn
7260181210087836970,2023-07-26 17:31:04+00:00,56900.0,110.0,3583.0,161.0,869900,That fan had her back ğŸ¤ğŸ”¥ #WWE #BeckyLynch #TrishStratus
7260138607942405419,2023-07-26 14:45:45+00:00,32299.0,135.0,3397.0,199.0,442800,Domâ€™s theme is a certified banger fr ğŸ¤˜ğŸ˜ #WWE #RheaRipley #DamianPriest #DominikMysterio #TheJudgmentDay
7259879157138689326,2023-07-25 21:58:57+00:00,88900.0,220.0,7568.0,549.0,917700,This promo hit different ngl ğŸ˜®â€ğŸ’¨ğŸ”¥âš–ï¸ #WWE #FinnBalor #SethRollins #TheJudgmentDay #RheaRipley
7259843332250193198,2023-07-25 19:39:55+00:00,35600.0,165.0,3246.0,245.0,470700,â€œYou shine bright like a diamondâ€ ğŸ’ğŸ˜ ğŸ˜‚ #WWE #LoganPaul #ByronSaxton #Ricochet
7259802620976598318,2023-07-25 17:01:57+00:00,87800.0,624.0,8529.0,1220.0,1600000,Monday Night Mami âš–ï¸ğŸ˜ˆğŸ”¥ #WWE #RheaRipley #LivMorgan
7259752154129255722,2023-07-25 13:46:06+00:00,67000.0,197.0,5296.0,540.0,937600,Whatâ€™s your pick? ğŸ¤”ğŸ”¥ #WWE #Bayley #TheMiz #Shotzi #EltonPrince #KitWilson #SonyaDeville #ChelseaGreen #MattRiddle
7259583499944889643,2023-07-25 02:51:38+00:00,281000.0,2015.0,19600.0,1566.0,2800000,POV: you get ROCKED by #Ricochet ğŸ«¢ğŸ”¥ğŸ‘€ #LoganPaul #SummerSlam
7259564341589183790,2023-07-25 01:37:18+00:00,29000.0,102.0,2448.0,527.0,539300,Replying to @RevRedDMA Will he ever stop WINNING! ğŸ˜œğŸ”¥âš–ï¸ #WWE #DominikMysterio
7259548620553342250,2023-07-25 00:36:17+00:00,160200.0,586.0,13300.0,1250.0,2300000,Bro has the life we all wantâ€¦ ğŸ˜®â€ğŸ’¨âš–ï¸ #WWE #RheaRipley #DominikMysterio #FinnBalor #TheJudgmentDay
7259495566265158955,2023-07-24 21:10:25+00:00,39400.0,88.0,3021.0,231.0,488200,Such a wholesome moment ğŸ¥¹ğŸ‘ #WWE #CodyRhodes #emotional #wholesome
7259462657617481006,2023-07-24 19:02:43+00:00,76400.0,321.0,7096.0,666.0,775400,Who doesnâ€™t love #ReyMysterio? â¤ï¸ğŸ‘ğŸ”¥ #WWE #SethRollins #Lucha #Luchador
7259429027423767850,2023-07-24 16:52:13+00:00,34300.0,172.0,2511.0,1348.0,545900,Did you get it? ğŸ‘€ğŸ˜‚ #WWE #Riddle #MattRiddle
7259391383604071723,2023-07-24 14:26:08+00:00,145300.0,366.0,9762.0,505.0,2900000,Oh no! Do it again. ğŸ˜ˆğŸ”¥ #WWE #SethRollins #DominikMysterio #KevinOwens
7259114521661476142,2023-07-23 20:31:46+00:00,67300.0,212.0,4992.0,353.0,893600,TRIBAL COMBAT ğŸ˜¤ #WWE #RomanReigns #JeyUso #TheUsos #TheBloodline
7259095574853700910,2023-07-23 19:18:15+00:00,129199.0,143.0,8026.0,306.0,2600000,Not surprised tbh â›“ï¸ğŸ¤· #WWE #DominikMysterio #RheaRipley
7259060297493663022,2023-07-23 17:01:21+00:00,43700.0,125.0,2807.0,165.0,1800000,"He's a runner, he's a track star... ğŸƒâ€â™‚ï¸ğŸ’¨ #WWE #PrettyDeadly #RidgeHolland"
7259042276578577706,2023-07-23 15:51:25+00:00,28700.0,134.0,2823.0,379.0,369600,"Keep rollin', rollin', rollin', rollin' ğŸ˜‚ğŸ”¥ #WWE #RheaRipley"
7258761110474657066,2023-07-22 21:40:21+00:00,92400.0,574.0,8741.0,572.0,828800,Yo Roman gonna get slipper slapped ğŸ’¥ğŸ˜‚ #WWE #RomanReigns #JeyUso #TheBloodline
7258727932300938542,2023-07-22 19:31:36+00:00,39300.0,194.0,2233.0,510.0,493000,*clears throat* YEAH!!! ğŸ”ŠğŸ”¥ #WWE #LAKnight
7258679340295048491,2023-07-22 16:23:02+00:00,245400.0,4962.0,23300.0,3739.0,8800000,Nah bc that was actually BRUTAL ğŸ«£ğŸ‘ #WWE #DominikMysterio #Butch
7258642423591488811,2023-07-22 13:59:47+00:00,50700.0,163.0,4284.0,403.0,779500,He canâ€™t stop winning ğŸ˜®â€ğŸ’¨âš–ï¸ğŸ–¤ #WWE #DominikMysterio #RheaRipley
7258467085557484846,2023-07-22 02:39:23+00:00,210500.0,897.0,14600.0,1022.0,2600000,Itâ€™s all the line nowâ€¦ #SmackDown #WWE #JeyUso #RomanReigns
7258366100553977134,2023-07-21 20:07:31+00:00,86400.0,400.0,6633.0,425.0,1100000,Best cosplay EVER!! ğŸ”¥âš–ï¸ğŸ¤© #WWE #SDCC #DominikMysterio #SethRollins #Cosplay
7258330649919049002,2023-07-21 17:49:57+00:00,546400.0,2430.0,44800.0,3704.0,7700000,How prepared are #WWE Superstars for the #WorldCup? âš½ğŸ‘€
7258299447426256171,2023-07-21 15:48:52+00:00,17800.0,27.0,1291.0,247.0,309000,"Who would make the best opponent for #MuhammadAli in a Boxer vs. Superstar Match? We asked Superstars at #SDCC, but you can create your own dream matches with the exclusive Muhammad Ali 2-pack, available 7/12 at 12 p.m. ET at MattelCreations.com!"
7258288731067551018,2023-07-21 15:07:17+00:00,32700.0,119.0,2549.0,211.0,597700,Didnâ€™t know he had the HEAT ğŸ”¥ğŸ˜®â€ğŸ’¨ğŸ˜‚ #WWE #KevinOwens #DominikMysterio #EddieGuerrero
7257995222251048234,2023-07-20 20:08:19+00:00,33200.0,117.0,2995.0,802.0,494200,Most dominant team in WWE? ğŸ‘€âš–ï¸ #WWE #DominikMysterio #Rheaipley #FinnBalor #DamianPriest
7257963732607716654,2023-07-20 18:06:07+00:00,31400.0,223.0,1952.0,185.0,755600,A CHOP for a KICK ğŸ’¥ğŸ˜®â€ğŸ’¨ #WWE #Gunther #MattRiddle #Imperium
7257947969327254830,2023-07-20 17:04:57+00:00,99100.0,487.0,7164.0,1111.0,1200000,Already bought tix tbh ğŸ§œâ€â™€ï¸ğŸ’• #WWE #AustinTheory #JohnCena #Barbie
7257917447527796014,2023-07-20 15:06:30+00:00,45100.0,199.0,3753.0,182.0,644100,Not the fisticuffs!!! ğŸ‘ŠğŸ’€ #WWE #KevinOwens #DamianPriest
7257623917999820074,2023-07-19 20:07:28+00:00,30900.0,108.0,1866.0,236.0,465900,#duet with @RachaPotes  Wasnâ€™t expecting some of those bro. ğŸ˜®â€ğŸ’¨ğŸ’¥ #WWE #MattRiddle #asmr #glassbreak #ASMR
7257597092376513838,2023-07-19 18:23:22+00:00,115200.0,1437.0,8023.0,787.0,1200000,Bro really HATES briefcases ğŸ˜‚ğŸ‘€ğŸ’¼ #WWE #KevinOwens #SamiZayn #DamianPriest #TheJudgmentDay #MITB
7257558970339183918,2023-07-19 15:55:26+00:00,62500.0,126.0,3273.0,279.0,1400000,That sign was a paid actor ğŸ˜®â€ğŸ’¨ğŸ”¥ #WWE #CharlotteFlair #Woo
7257523143437323562,2023-07-19 13:36:24+00:00,174300.0,1013.0,11500.0,3258.0,2700000,Replying to @ny  #TheJudgmentDay runs all of WWE ğŸ˜ˆâš–ï¸ #WWE #DominikMysterio #RheaRipley #WWENXT
7257353168059927854,2023-07-19 02:36:49+00:00,107100.0,2808.0,7541.0,2886.0,1600000,Speechless ğŸ˜± #WWENXT #WWE #DominikMysterio #TheJudgmentDay
7257268006831656238,2023-07-18 21:06:21+00:00,88600.0,320.0,6931.0,553.0,1400000,Step your game up boys ğŸ’„ğŸ˜®â€ğŸ’¨ğŸ”¥ #WWE #DominikMysterio #RheaRipley
7257230977645169966,2023-07-18 18:42:39+00:00,48900.0,121.0,3812.0,282.0,589200,Put a muzzle on that boy fr ğŸ¤ğŸ”¥ğŸ‘€ #WWE #DominikMysterio #SamiZayn
7257194693736385834,2023-07-18 16:21:51+00:00,126400.0,291.0,5996.0,554.0,2000000,You dropped this ğŸ‘‘ #WWE #SamanthaIrvin #CodyRhodes
7257168675256585518,2023-07-18 14:40:53+00:00,20400.0,42.0,1101.0,131.0,401200,Youâ€™re welcome? ğŸ¤·ğŸ˜®â€ğŸ’¨ #WWE #MaxxineDupri #AlphaAcademy #VikingRaiders #Valhalla
7256957955965209902,2023-07-18 01:03:11+00:00,26600.0,106.0,1632.0,351.0,549300,Nah that face is gonna haunt us foreverâ€¦ ğŸ‘€ğŸ«£ #WWE #BrockLesnar #CodyRhodes
7256899989132102958,2023-07-17 21:18:15+00:00,53800.0,238.0,4224.0,272.0,629600,Thereâ€™s always one in every familyâ€¦ ğŸ‘€â˜ï¸ğŸ˜®â€ğŸ’¨ #WWE #TheUsos #JeyUso #TheBloodline #RomanReigns
7256870229316373806,2023-07-17 19:22:46+00:00,138500.0,1758.0,9821.0,893.0,1400000,Will it break? ğŸ‘€ğŸ”¥ #WWE #KurtAngle #ShaneMcMahon #asmr #RachaPotes #Glass
7256805184972590382,2023-07-17 15:10:22+00:00,62700.0,124.0,4422.0,491.0,1600000,wHo WaNtS a SouVeNir ğŸ¤“ #WWE #RondaRousey #ShaynaBaszler
7256769634450443566,2023-07-17 12:52:24+00:00,18300.0,49.0,1483.0,154.0,277200,Wym this oneâ€™s for us??? What did we do??  ğŸ¤·ğŸ‘€ğŸ”¥ #WWE #FinnBalor #SethRollins
7256538511526923562,2023-07-16 21:55:32+00:00,26400.0,159.0,1771.0,261.0,491900,Wiseman down.  â˜ï¸ğŸ˜¤ #WWE #TheUsos #PaulHeyman #JeyUso
7256478453548059946,2023-07-16 18:02:29+00:00,32200.0,39.0,1921.0,115.0,538500,Ice Cream Guyâ€™s a real one ğŸ‘ŠğŸ¦#WWE #Reggie #RTruth #IceCream
7256455326327917870,2023-07-16 16:32:44+00:00,31100.0,210.0,2943.0,468.0,398100,whatâ€™s happening to meâ€¦ ğŸ’ğŸ»âœ¨ğŸ‘®ğŸ» #WWE #RheaRipley
7256421958181719342,2023-07-16 14:23:15+00:00,45500.0,129.0,2897.0,249.0,689300,Love the family drama ğŸ¿ğŸ˜ #WWE #TheUsos #PaulHeyman #JeyUso #SoloSikoa
7256161079942778154,2023-07-15 21:30:54+00:00,27400.0,63.0,1503.0,155.0,608500,Seems pretty effective ngl âœ‹ğŸ’¥ #WWE #Butch #GraysonWaller
7256106875119340843,2023-07-15 18:00:34+00:00,18300.0,67.0,1027.0,85.0,419700,They donâ€™t stop!! ğŸ”¥ #WWE #PrettyDeadly #KitWilson #EltonPrince #Sheamus #RidgeHolland
7256076201972862251,2023-07-15 16:01:32+00:00,19600.0,39.0,865.0,131.0,390800,Theyâ€™re so sneaky ğŸ‘€ğŸ˜ #WWE #PrettyDeadly #KitWilson #EltonPrince #Sheamus #RidgeHolland
7256058037620755758,2023-07-15 14:51:03+00:00,135100.0,1974.0,10600.0,1922.0,1500000,YEAHâ€¼ï¸ğŸ”¥ #WWE #LAKnight #SmackDown
7255855887754038571,2023-07-15 01:46:36+00:00,88300.0,447.0,6640.0,569.0,999900,You heard him. â˜ï¸ğŸ˜¤ #WWE #JeyUso #TheBloodline #TheUsos
7255847080860618027,2023-07-15 01:12:26+00:00,17600.0,79.0,1166.0,266.0,300000,Did he really just call outâ€¦ @The Rock? ğŸ‘€ğŸ¤¨ #WWE #TheRock #GraysonWaller #SmackDown
7255810742195211562,2023-07-14 22:51:25+00:00,16700.0,31.0,1001.0,121.0,441400,Vikings donâ€™t wear jackets!!! ğŸ˜¡ğŸ˜¤ğŸ‘€ #WWE #VikingRaiders #AlphaAcademy #MaxxineDupri #Otis
7255755191381904686,2023-07-14 19:15:51+00:00,44300.0,174.0,3308.0,419.0,865300,He sent Dom into another dimension! ğŸ˜®â€ğŸ’¨ğŸ˜‚ğŸ”¥ #WWE #KevinOwens #DominikMysterio #Stunner #TheJudgmentDay
7255733232208121134,2023-07-14 17:50:38+00:00,48400.0,342.0,4478.0,634.0,595000,SPORTS! ğŸ¤©âœ¨ğŸ’–ğŸ€ #WWE #RheaRipley #LivMorgan #Raquel #ChelseaGreen #SonyaDeville
7255680489413954858,2023-07-14 14:25:58+00:00,39700.0,52.0,2361.0,322.0,596100,Whereâ€™s the lie? ğŸ‘€ğŸ¤· #WWE #LoganPaul #Ricochet
7255410562429898027,2023-07-13 20:58:31+00:00,225700.0,174.0,9735.0,327.0,3000000,Our boy ainâ€™t lookinâ€™ like a winner hereâ€¦ ğŸ˜®â€ğŸ’¨âš–ï¸ğŸ”¥ #WWE #SamanthaIrvin #TheJudgmentDay #RheaRipley #DominikMysterio
7255372485149936942,2023-07-13 18:30:45+00:00,18200.0,72.0,1066.0,115.0,574300,Can somebody make sure our boy is okay? ğŸ˜®â€ğŸ’¨ğŸ’¥ğŸ‘€ #WWE #TheMiz #Ciampa
7255340779529456939,2023-07-13 16:27:43+00:00,112400.0,130.0,9107.0,272.0,1200000,Bro just standing there in the ring after like ğŸ§â€â™‚ï¸ğŸ˜¶ #WWE #LoganPaul #Ricochet
7255312921876794670,2023-07-13 14:39:37+00:00,79400.0,433.0,6968.0,337.0,1100000,Assert âœï¸ Dominance âœï¸ By âœï¸ Yelling âœï¸ In âœï¸ Peopleâ€™s âœï¸ Faces âœï¸ #WWE #KevinOwens #RheaRipley
7255031439027195178,2023-07-12 20:27:19+00:00,38900.0,63.0,2647.0,521.0,536600,What do yâ€™all think? ğŸ¤”ğŸ‘€ #WWE #GraysonWaller #Clout
7255014621877144874,2023-07-12 19:22:04+00:00,23300.0,88.0,1332.0,132.0,517400,Why you so loud about it bro? ğŸ˜‚ğŸ’¥ #WWE #TheMiz #Ciampa
7254964198764039467,2023-07-12 16:06:24+00:00,92300.0,579.0,6206.0,378.0,1500000,Bro is everywhereâ€¦ YEAH! ğŸ”¥ğŸ‘€ #WWE #LAKnight #TripleH #Fitness
7254937351309380907,2023-07-12 14:22:13+00:00,32200.0,139.0,3035.0,259.0,441800,We all need a Mami to cheer us on like this ğŸ¥¹ğŸ–¤ #WWE #RheaRipley
7254675380940901674,2023-07-11 21:25:38+00:00,35000.0,63.0,2003.0,135.0,784700,BEST GRAD GIFT EVER!!! ğŸ¤©ğŸ‘ğŸ”¥ #WWE #AlphaAcademy #Otis #ChadGable #MaxxineDupri #Graduation
7254642838367898926,2023-07-11 19:19:21+00:00,444300.0,846.0,29700.0,1109.0,6200000,He right tho this tiktok is ğŸ”¥ğŸ˜ğŸ†’ #WWE #LoganPaul #Ricochet
7254608552793312554,2023-07-11 17:06:18+00:00,736600.0,1860.0,31600.0,2303.0,8900000,She doesnâ€™t miss! ğŸ¤ŒğŸ”¥ #WWE #SamanthaIrvin #Gunther #Imperium #GiovanniVinci #LudwigKaiser
7254578226280910122,2023-07-11 15:08:37+00:00,117800.0,972.0,10200.0,854.0,1200000,Dom was staying activeâ€¦ ğŸ˜³ğŸ’€ğŸ‘€ #WWE #DominikMysterio #RheaRipley #KevinOwens #SamiZayn
7254367337938226478,2023-07-11 01:30:16+00:00,62600.0,193.0,4018.0,318.0,788200,"Personally, we wouldnâ€™t let that slideâ€¦ ğŸ˜®â€ğŸ’¨ğŸ”¥ #WWE #LoganPaul #Ricochet"
7254354795455057198,2023-07-11 00:41:36+00:00,200400.0,819.0,18400.0,1395.0,2700000,Broâ€™s just mad bc heâ€™s not getting any of those wings ğŸ—ğŸ˜‚ #WWE #DominikMysterio #DirtyDom #SethRollins
7254324545618775339,2023-07-10 22:44:13+00:00,331500.0,508.0,16000.0,859.0,3100000,The shoes untied bit will never get old tbh ğŸ˜‚ğŸ”¥ğŸƒğŸ¼â€â™‚ï¸ #WWE #LoganPaul #Ricochet
7254298017254100267,2023-07-10 21:01:16+00:00,1200000.0,22400.0,80800.0,11200.0,17600000,What do yâ€™all think caused this? ğŸ˜³ğŸ‘€ #WWE #LoganPaul #Ricochet
7254264629432421674,2023-07-10 18:51:42+00:00,48200.0,211.0,4099.0,180.0,607800,Bro just wanted a hug ğŸ«‚ğŸ˜­ #WWE #JohnCena #KurtAngle #Thugonomics #Hug
7254224913425272106,2023-07-10 16:17:35+00:00,37800.0,124.0,2140.0,113.0,734400,Itâ€™s worm time baby! ğŸª±ğŸ”¥ #WWE #Otis #MaxxineDupri #worm
7254199281098231082,2023-07-10 14:38:07+00:00,644000.0,2697.0,48800.0,3389.0,6500000,Their PAIN is our pleasure ğŸ¤©ğŸ’¥ğŸ¤• #WWE #ZelinaVega #TheMiz #MattRiddle #Mansoor #KitWilson #ChelseaGreen #SonyaDeville #LivMorgan
7253922745375788330,2023-07-09 20:45:01+00:00,34300.0,132.0,2428.0,207.0,508700,"Bro really pulled the ""YOU made me do it."" ğŸ˜­ #WWE #RomanReigns #TheUsos #JeyUso #TheBloodline"
7253892294917524782,2023-07-09 18:46:52+00:00,144000.0,416.0,10000.0,602.0,1700000,"They did it, Uce. â˜ï¸ğŸ¤© #WWE #TheUsos #JeyUso #JimmyUso"
7253864639086316842,2023-07-09 16:59:32+00:00,44300.0,73.0,3608.0,234.0,539100,We love a supportive Mami ğŸ˜ğŸ™ #WWE #RheaRipley #DamianPriest #MITB
7253829569113836846,2023-07-09 14:43:27+00:00,41100.0,120.0,2741.0,408.0,567000,A little Tribal Truth for the Tribal Chiefâ€¦ ğŸ˜œâ˜ï¸ğŸ”¥ #WWE #RomanReigns #PaulHeyman
7253540473271307566,2023-07-08 20:01:37+00:00,217800.0,1137.0,16400.0,1068.0,2600000,JUDGE â˜ï¸ JURY â˜ï¸ EXECUTIONER â˜ï¸ #WWE #JeyUso #RomanReigns #TheBloodline #TheUsos
7253507295861214510,2023-07-08 17:52:52+00:00,24200.0,49.0,1257.0,88.0,419200,Bro begging for chants ğŸ’€ğŸ’€ğŸ’€ #WWE #Edge #GraysonWaller
7253478170886769962,2023-07-08 15:59:51+00:00,153100.0,1158.0,12800.0,1042.0,1300000,#duet with @Justin Taite  Nah Nah! There can be ONLY ONE! YEAH! ğŸ˜‚ğŸ”¥ #WWE #LAKnight
7253467510790556971,2023-07-08 15:18:29+00:00,35000.0,237.0,2482.0,483.0,594800,You think he acknowledges him or nah? ğŸ™„â˜ï¸ #WWE #RomanReigns #PaulHeyman
7253245143401139499,2023-07-08 00:55:35+00:00,278300.0,2363.0,18400.0,1969.0,4400000,Heâ€™s seriously DISTURBED! ğŸ«¢ğŸ«¨ #WWE #RomanReigns #TheBloodline #TribalCourt #JeyUso #TheUsos
7253243034211519786,2023-07-08 00:47:24+00:00,55700.0,272.0,3907.0,346.0,830900,Heâ€™s tired of carrying all the weightâ€¦ â˜ï¸ğŸ˜®â€ğŸ’¨ #WWE #RomanReigns #TribalCourt #TheUsos #TheBloodline
7253198567555222826,2023-07-07 21:54:51+00:00,92200.0,64.0,5801.0,225.0,816300,"""She's dating a maniac."" ğŸ˜‚ğŸ‘ğŸ”¥ #WWE #LoganPaul #MITB"
7253155953590193451,2023-07-07 19:09:29+00:00,106100.0,1301.0,7951.0,506.0,1500000,#Kane just secured his invite to the cookout ğŸ”¥ğŸ˜‚ğŸ‘ #WWE #BBQ #TeddyLong #Summer
7253120837287709998,2023-07-07 16:53:13+00:00,24300.0,97.0,2045.0,227.0,456800,That looks so painfulâ€¦ ğŸ™‹ğŸ™‹ğŸ™‹ğŸ™‹#WWE #RheaRipley #Natalya
7253082545879797035,2023-07-07 14:24:37+00:00,82100.0,157.0,5870.0,292.0,865800,Cena ğŸ¤ Ref ğŸ”¥ğŸ˜®â€ğŸ’¨ #WWE #JohnCena #YouCantSeeMe
7252818965141949739,2023-07-06 21:21:47+00:00,77900.0,175.0,5650.0,259.0,966500,Whatâ€™s the â˜•ï¸ in the #WWE locker room? #RaquelRodriguez spilled it just for TikTok! ğŸ‘€
7252780270229736747,2023-07-06 18:51:38+00:00,140800.0,325.0,9363.0,466.0,3400000,Not broâ€™s shirt literally saying â€œcheat 2 winâ€ ğŸ’€ğŸ’€ğŸ’€ #WWE #EddieGuerrero #VivaLaRaza
7252744969260158251,2023-07-06 16:34:39+00:00,23500.0,37.0,1665.0,220.0,384800,The face brace is wild fr ğŸ™„ğŸ‘€ #WWE #TrishStratus #BeckyLynch
7252709755611860266,2023-07-06 14:18:00+00:00,222200.0,699.0,22200.0,968.0,3100000,Mami is also Mommy ğŸ˜‚ğŸ”¥ #WWE #RheaRipley #TheJudgmentDay #FinnBalor #DamianPriest #DominikMysterio
7252450670236683566,2023-07-05 21:32:37+00:00,65900.0,332.0,5954.0,376.0,890500,Shimmy Mami ğŸ˜ğŸ”¥âœ¨ #WWE #RheaRipley
7252404248724491563,2023-07-05 18:32:29+00:00,25400.0,63.0,1866.0,121.0,395900,WWE Hall of Famer #MickFoley joined us for an exclusive Q&A! ğŸ§¦ğŸ§”ğŸ»â€â™‚ï¸ #WWE #HallOfFame #Mankind #DudeLove #CactusJack
7252375769874451758,2023-07-05 16:41:58+00:00,94200.0,411.0,8008.0,410.0,1000000,Soâ€¦ can you? ğŸ¤·ğŸ˜‚ #WWE #DrewMcIntyre
7252347976004275498,2023-07-05 14:54:07+00:00,9950.0,89.0,1426.0,119.0,205700,Luckily he was there to intercept! ğŸ˜®â€ğŸ’¨ğŸ”¥ #WWE #DominikMysterio #RheaRipley #ShinsukeNakamura
7252035518970613034,2023-07-04 18:41:37+00:00,39000.0,122.0,3273.0,199.0,758400,That was FULL FORCE ğŸ¤­ğŸ”¥ğŸ‘€ #WWE #RheaRipley #Natalya
7252009421646138666,2023-07-04 17:00:21+00:00,88700.0,141.0,7217.0,289.0,1300000,Nobody tellinâ€™ bro anything. ğŸ˜¤ğŸ‘€ #WWE #RheaRipley #DominikMysterio #FinnBalor
7251976197670702382,2023-07-04 14:51:25+00:00,1000000.0,1096.0,49700.0,1554.0,9800000,Obsessed with the way she says their names ğŸ˜âœ¨ #WWE #SamanthaIrvin #SonyaDeville #ChelseaGreen
7251949887384767790,2023-07-04 13:09:20+00:00,198800.0,486.0,13700.0,2618.0,2300000,Who do YOU think has the best pyro? ğŸ’¥ğŸ”¥ğŸ¤” #WWE #Pyro #Fireworks
7251798480258141483,2023-07-04 03:21:47+00:00,88900.0,213.0,7344.0,647.0,1500000,Just imagine the car ride home tonight  ğŸ¤­ğŸ‘€ #WWE #RheaRipley #DominikMysterio #DamianPriest #FinnBalor #TheJudgmentDay
7251768279407119659,2023-07-04 01:24:36+00:00,81700.0,430.0,5178.0,995.0,1600000,Ngl that knee was uncalled forâ€¦ ğŸ˜®â€ğŸ’¨ğŸ”¥ #WWE #RondaRousey #ShaynaBaszler
7251708401854762286,2023-07-03 21:32:14+00:00,126200.0,454.0,9076.0,1283.0,1500000,"Who THE ONES now, Uce? â˜ï¸ğŸ˜¤ğŸ”¥ #WWE #TheUsos #JeyUso #JimmyUso #MITB"
7251672706188315947,2023-07-03 19:13:43+00:00,21500.0,76.0,1585.0,217.0,399900,Clearly sheâ€™s had enoughâ€¦ ğŸ˜¤ğŸ«¢ğŸ”¥ #WWE #RondaRousey #ShaynaBaszler
7251620812132928814,2023-07-03 15:52:21+00:00,37600.0,148.0,3295.0,854.0,642900,Lookinâ€™ drippy ğŸ˜®â€ğŸ’¨ğŸ”¥ #WWE #DominikMysterio #RingGear #MITB
7251588813674253610,2023-07-03 13:48:11+00:00,48900.0,185.0,2661.0,836.0,892100,*sad yeah* ğŸ˜” #WWE #LAKnight #MITB
7251341794615594282,2023-07-02 21:49:37+00:00,125500.0,878.0,10000.0,960.0,1400000,Michael Coleâ€™s biggest #MITB reactions last night
7251301696423415083,2023-07-02 19:14:01+00:00,49200.0,58.0,3285.0,220.0,739000,Thatâ€™s one angry Aussieâ€¦ ğŸ˜¡ğŸ‡¦ğŸ‡º #WWE #JohnCena #GraysonWaller #MITB
7251271035725614378,2023-07-02 17:15:02+00:00,58100.0,96.0,4776.0,367.0,833800,How can he slap? âœ‹ğŸ’¥ #WWE #DominikMysterio #CodyRhodes #RheaRipley #MITB
7251253737807727914,2023-07-02 16:07:55+00:00,218800.0,870.0,15500.0,1638.0,2600000,The WAR is OVER! â˜ï¸ğŸ˜¤ #TheUsos #JeyUso #JimmyUso #RomanReigns #SoloSikoa #TheBloodline #MITB
7251230442580397358,2023-07-02 14:37:31+00:00,91900.0,204.0,7154.0,385.0,1100000,"Are you sure about that, Paul? ğŸ«¢ğŸ‘€ #WWE #RomanReigns #TheUsos #PaulHeyman #TheBloodline #MITB"
7250998412106140974,2023-07-01 23:37:07+00:00,288800.0,1459.0,19300.0,2297.0,4099999,Heâ€™s wrong for that ğŸ˜®â€ğŸ’¨ğŸ¤­ğŸ”¥ #WWE #JeyUso #RomanReigns #TheBloodline #MITB
7250979082798714158,2023-07-01 22:22:06+00:00,21700.0,290.0,2591.0,481.0,419500,Bro wants to go home ğŸ˜­ğŸ‡¬ğŸ‡§ #WWE #RomanReigns #MITB
7250970361238424874,2023-07-01 21:48:16+00:00,95400.0,341.0,5974.0,990.0,1400000,TONIGHT WAS A MOVIE ğŸ”¥ğŸ¤© #WWE #JohnCena #MITB #DamianPriest #IYOSKY
7250959633450552622,2023-07-01 21:06:38+00:00,61700.0,303.0,3596.0,465.0,1200000,"âš ï¸ If you step up to @John Cena, heâ€™ll almost certainly AA you âš ï¸ #WWE #JohnCena #GraysonWaller #MITB"
7250955338755853614,2023-07-01 20:49:58+00:00,170000.0,1308.0,10900.0,1591.0,1900000,ITâ€™S JOHN CENA! ğŸ¤¯ğŸ¤¯ğŸ¤¯ #WWE #JohnCena #MITB
7250940166343380267,2023-07-01 19:51:06+00:00,55300.0,252.0,2742.0,1909.0,935300,Congratulations @Damian Priest! ğŸ‘ğŸ‘ğŸ‘ #WWE #TheJudgmentDay #MITB #DamianPriest
7250936691052105003,2023-07-01 19:37:36+00:00,108200.0,352.0,5840.0,946.0,1700000,This was BRUTAL! ğŸ˜®â€ğŸ’¨ğŸ”¥ #WWE #LoganPaul #DamianPriest #FrogSplash #MITB
7250903824712404266,2023-07-01 17:30:04+00:00,87000.0,357.0,4603.0,733.0,1300000,Itâ€™s the best day of his life ğŸ˜ŠğŸ‘ #WWE #RomanReigns #MITB
7250887069688548651,2023-07-01 16:25:03+00:00,157200.0,1429.0,11000.0,1123.0,1500000,Come Together Right Nowâ€¦ âš–ï¸ğŸ‡¬ğŸ‡§ #WWE #AbbeyRoad #TheJudgmentDay #RheaRipley #DominikMysterio #FinnBalor #DamianPriest #MITB
7250880769097518382,2023-07-01 16:00:36+00:00,96200.0,403.0,5249.0,631.0,1500000,There can be ONLY ONE â˜ï¸ğŸ˜¤ #WWE #RomanReigns #TheBloodline
7250855516753104170,2023-07-01 14:22:37+00:00,140800.0,142.0,7128.0,441.0,1500000,Logan with the #MITB Contract sounds like chaos ngl ğŸ˜®â€ğŸ’¨ğŸ˜…ğŸ’¼ #WWE #LoganPaul #GraysonWaller #MoneyintheBank
7250681878187937067,2023-07-01 03:08:48+00:00,87300.0,390.0,6327.0,384.0,1100000,THE CIVIL WAR HAS BEGUN! â˜ï¸ğŸ˜¤ #WWE #RomanReigns #TheBloodline #TheUsos #JimmyUso #JeyUso #SoloSikoa
7250572313777720618,2023-06-30 20:03:38+00:00,47000.0,98.0,3110.0,202.0,769300,NAH NAH... it's Lâ€¦Aâ€¦KNIGHTâ€¦YEAH! ğŸ”¥ğŸ˜¤ #WWE #ReyMysterio #LAKnight #YEAH #SantosEscobar
7250548688727067947,2023-06-30 18:31:58+00:00,40400.0,96.0,2521.0,204.0,445700,Bro BOLTED ğŸƒğŸ¼â€â™‚ï¸ğŸ’¨ #WWE #LoganPaul #GraysonWaller
7250509316363390251,2023-06-30 15:59:10+00:00,243200.0,1818.0,19500.0,2234.0,4900000,This was a disaster! ğŸ’¨ğŸ¤£ #WWE #RheaRipley #SethRollins #DominikMysterio
7250480714729147694,2023-06-30 14:08:11+00:00,31600.0,41.0,1662.0,133.0,569800,She almost had it! ğŸªœğŸ¤‘ #WWE #Maryse #MITB
7250228799193746730,2023-06-29 21:50:37+00:00,99100.0,445.0,8473.0,549.0,1100000,"Family first, Uce. â˜ï¸ğŸ˜¤ #WWE #TheUsos #JimmyUso #JeyUso #MITB #CivilWar #SoloSikoa #RomanReigns"
7250198820292693294,2023-06-29 19:54:17+00:00,227400.0,3287.0,22500.0,2050.0,1900000,How does it feel to be living our dream? ğŸ˜©ğŸ˜ğŸ”¥ #WWE #RheaRipley #SamanthaIrvin
7250160317601172778,2023-06-29 17:24:53+00:00,128699.0,195.0,11300.0,653.0,1300000,The memories come flooding backâ€¦ ğŸªœğŸ’¼ğŸ† #WWE #MITB #SethRollins #AustinTheory #TheMiz #BaronCorbin #Asuka
7250117940102614314,2023-06-29 14:40:26+00:00,55700.0,132.0,4665.0,280.0,744500,Heâ€™s Mamiâ€™s little boy and proud of it. ğŸ˜‚ğŸ‘ğŸ‘ğŸ‘ #WWE #CodyRhodes #DominikMysterio #RheaRipley
7250084649832041770,2023-06-29 12:31:15+00:00,71300.0,357.0,7327.0,501.0,894500,Heâ€™s always right there cheering on his Mami! ğŸ¥°ğŸ‘ #WWE #DominikMysterio #RheaRipley #Natalya
7249851946973187374,2023-06-28 21:28:15+00:00,62700.0,239.0,4208.0,232.0,1900000,Weâ€™ll allow it. ğŸ‘€ğŸ”¥ğŸ˜®â€ğŸ’¨ #WWE #MontezFord #PrettyDeadly
7249813343551229227,2023-06-28 18:58:27+00:00,58800.0,423.0,4386.0,221.0,903400,Watching them react to this 25 years later is somehow extremely wholesome. ğŸ¥¹ğŸ‘ğŸ‘ğŸ‘ #WWE #Undertaker #MickFoley #HIAC #React
7249779063567469867,2023-06-28 16:45:25+00:00,87200.0,541.0,9477.0,460.0,751900,Rhodes x Seuss ğŸ”¥ğŸ˜‚ #WWE #CodyRhodes #RheaRipley #DominikMysterio #DrSeuss
7249750576257436970,2023-06-28 14:54:53+00:00,23800.0,62.0,1278.0,146.0,391400,We all know what ğŸ‘ˆğŸ«µğŸ‘‰ means now. YEAH! #WWE #LAKnight #MITB
7249479970148437294,2023-06-27 21:24:47+00:00,101300.0,1506.0,7282.0,1270.0,987400,Heâ€™s #LAKnight not UK Knight! YEAH! ğŸ‡¬ğŸ‡§ğŸ”¥ğŸªœ #WWE #MITB #London #UK #britain
7249448091735117099,2023-06-27 19:21:05+00:00,38500.0,96.0,3288.0,554.0,537100,Heâ€™s trying to be nice and welcome yâ€™all to the showâ€¦ ğŸ¤¦â€â™‚ï¸ğŸ˜­ğŸ”Š #WWE #DominikMysterio #RheaRipley
7249413439561469226,2023-06-27 17:06:37+00:00,54300.0,225.0,4674.0,841.0,999800,#MITB 2020 was wild! ğŸªœğŸ¤‘â€¼ï¸ #WWE #ReyMysterio #BaronCorbin
7249365685758086446,2023-06-27 14:01:18+00:00,224900.0,1192.0,17000.0,824.0,2500000,Bro casually walkinâ€™ out there like he wasnâ€™t just blasted in the face ğŸ’¨ğŸ’¥â€¼ï¸ #WWE #CodyRhodes #Pyro
7249093251309817131,2023-06-26 20:24:07+00:00,154100.0,498.0,14700.0,1379.0,2300000,Not the backhand ğŸ˜­ğŸ˜­ğŸ˜­ #WWE #DominikMysterio #RheaRipley #CodyRhodes #MITB
7249064115006672174,2023-06-26 18:31:03+00:00,31300.0,68.0,1464.0,228.0,488500,SIKE! YEAH!! ğŸ¤£ğŸ‘‹ #WWE #LAKnight
7249033049294294315,2023-06-26 16:30:30+00:00,49600.0,139.0,4113.0,218.0,610900,They are pretty cute ngl ğŸ¤·ğŸ˜ #WWE #MontezFord #StreetProfits #AngeloDawkins #PrettyDeadly
7248996256264031531,2023-06-26 14:07:44+00:00,42300.0,215.0,3047.0,254.0,568000,Surprisingly wholesome friendship ğŸ¥¹ğŸ¤ #WWE #Undertaker #MickFoley
7248734607959526702,2023-06-25 21:12:24+00:00,35000.0,124.0,2054.0,180.0,741100,Itâ€™s a good look ngl ğŸ˜ğŸ˜‚ #WWE #MontezFord #AngeloDawkins #PrettyDeadly
7248685749820820779,2023-06-25 18:02:48+00:00,29500.0,85.0,2660.0,246.0,367000,Mamiâ€™s goinâ€™ NOWHERE ğŸ˜ˆ #WWE #RheaRipley
7248661382999231790,2023-06-25 16:28:15+00:00,103400.0,383.0,6461.0,466.0,1100000,2008 Orton was a different kind of evil ğŸ‘€ğŸ˜®â€ğŸ’¨ #WWE #RandyOrton #JohnCena
7248625879323036971,2023-06-25 14:10:29+00:00,36800.0,54.0,2730.0,127.0,445300,What would you keep in it? ğŸ’¼ğŸ¤£ #WWE #AustinTheory #SethRollins #BaronCorbin #MITB
7248375113869970730,2023-06-24 21:57:23+00:00,39700.0,144.0,3193.0,291.0,685900,Bro gonna start mindinâ€™ his own business fr ğŸ˜®â€ğŸ’¨ğŸ”¥ #WWE #SoloSikoa #RidgeHolland
7248325825693535531,2023-06-24 18:46:07+00:00,34500.0,80.0,3133.0,218.0,542500,Nothing brings Mami joy like the pain of others ğŸ˜ğŸ˜ˆ #WWE #RheaRipley #SamiZayn
7248290398186212654,2023-06-24 16:28:38+00:00,22500.0,73.0,1553.0,209.0,409000,Love that she strikes a pose at the end ğŸ˜‚ğŸ‘ #WWE #CharlotteFlair #LaceyEvans
7248251403536305450,2023-06-24 13:57:19+00:00,86900.0,404.0,4878.0,945.0,1800000,EVERYBODYâ€™S sayinâ€™â€¦ ğŸ”ŠğŸ”ŠğŸ”Š #WWE #LAKnight #ReyMysterio
7248057297052667182,2023-06-24 01:24:05+00:00,26800.0,85.0,2104.0,176.0,380100,"You lonely, Roman? ğŸï¸ğŸ‘€ #WWE #TheUsos #JimmyUso #JeyUso #TheBloodline #RomanReigns"
7248045632366169386,2023-06-24 00:38:49+00:00,75600.0,217.0,5495.0,281.0,940600,TARGET ACQUIRED ğŸğŸğŸ #WWE #TheUsos #JimmyUso #JeyUso #PaulHeyman
7247990902528986414,2023-06-23 21:06:27+00:00,129300.0,1544.0,8276.0,2806.0,1300000,Maybe his watch fell off because itâ€™s HIS TIMEâ€¦ YEAH! ğŸ”¥ğŸ‘ #WWE #LAKnight #MITB
7247960343492824362,2023-06-23 19:07:51+00:00,253000.0,1878.0,23600.0,1325.0,2600000,Flashback to #TheUsos recording their banger of an entrance theme. â˜ï¸ğŸ˜¤ #WWE #JimmyUso #JeyUso #DayOne #Ucey #Uso #flashback
7247920704199363882,2023-06-23 16:34:02+00:00,147700.0,316.0,11100.0,613.0,1500000,You get used to it ğŸ˜…ğŸ’¥ğŸ”¥ #WWE #LoganPaul #CodyRhodes #pyro
7247892617319648558,2023-06-23 14:45:03+00:00,60900.0,431.0,5872.0,484.0,700600,Bro refused to fold ğŸ‘ğŸ‘ğŸ‘ #WWE #AJStyles #ScarlettBordeaux #KarrionKross
7247627002184748334,2023-06-22 21:34:19+00:00,93400.0,241.0,7034.0,374.0,1400000,Donâ€™t be a Karen. Be a Kevin. ğŸ¤©ğŸ˜Š #WWE #KevinOwens #SamiZayn
7247586790373330222,2023-06-22 18:58:17+00:00,103100.0,611.0,9348.0,798.0,1700000,The Mami was too stunned to speakğŸ«¨ğŸ˜± #WWE #RheaRipley #KevinOwens #DominikMysterio
7247547043797814570,2023-06-22 16:24:03+00:00,120500.0,314.0,7682.0,774.0,1800000,#LoganPaul was kinda asking for it tbh ğŸ˜‚ğŸ‘ŠğŸ’¥ #WWE #Butch #LAKnight #MITB
7247521279438376234,2023-06-22 14:44:04+00:00,37800.0,67.0,2466.0,173.0,565600,She BROUGHT IT last year at #MITB ğŸ˜¤ğŸ‘ğŸ‘ğŸ‘ #WWE #LivMorgan #Raquel #LaceyEvans
7247245927470189870,2023-06-21 20:55:34+00:00,83600.0,233.0,3987.0,541.0,1900000,Nah fr though why is he so good at this? ğŸ˜‚ğŸ‘ğŸ‘ğŸ‘ #WWE #LoganPaul
7247216875493510442,2023-06-21 19:02:49+00:00,46900.0,108.0,2135.0,172.0,798500,Everybodyâ€™s so creative! ğŸ¤©ğŸªœ #WWE #KofiKingston #MITB
7247183900378746154,2023-06-21 16:54:52+00:00,106400.0,1151.0,5852.0,1856.0,1100000,Replying to @Andrew   YEAH ğŸ˜ #WWE #LAKnight #YEAH
7247147522311884075,2023-06-21 14:33:42+00:00,111800.0,1834.0,8585.0,1862.0,5900000,That final slam seemed personal ğŸ˜®â€ğŸ’¨ ğŸ’¥ #WWE #Raquel #TrishStratus
7246885000161856811,2023-06-20 21:34:59+00:00,135300.0,858.0,10500.0,1363.0,3100000,How do yâ€™all come up with these? ğŸ˜‚ğŸ¤¦ #WWE #DominikMysterio #RheaRipley
7246850585675222315,2023-06-20 19:21:26+00:00,275200.0,4764.0,24800.0,5032.0,2100000,"Okay, Mami.ğŸ§ğŸ§ #WWE #RheaRipley #TheJudgmentDay"
7246813411106065710,2023-06-20 16:57:10+00:00,202600.0,2710.0,15200.0,2739.0,2500000,"Wait, the map has directions to where??? ğŸ˜†ğŸ—ºï¸ #WWE #LAKnight #LoganPaul #YEAH"
7246771603965775150,2023-06-20 14:14:56+00:00,2200000.0,1213.0,82300.0,1721.0,25700000,This makes our ears happy ğŸ˜ğŸ”Š #WWE #SamanthaIrvin #TrishStratus
7246573121690570030,2023-06-20 01:24:44+00:00,94700.0,661.0,5800.0,968.0,1000000,Our next Mr. MITB? ğŸ¤”ğŸ‘€ğŸ”¥ #WWE #LoganPaul #MITB
7246535299956821291,2023-06-19 22:57:58+00:00,60500.0,267.0,3909.0,468.0,692200,Heâ€™s baaaack ğŸ‘€ğŸ”¥ #WWE #LoganPaul #WWERaw
7246521716510395691,2023-06-19 22:05:15+00:00,113900.0,784.0,9018.0,842.0,1100000,This went smoother than we thought ğŸ˜‚ğŸ‘€ğŸ”¥ #WWE #GuessWho #LivMorgan #MattRiddle
7246486755078081835,2023-06-19 19:49:35+00:00,55600.0,230.0,3897.0,377.0,673400,Her voice is everything ğŸ˜ğŸ”¥ğŸ‡ºğŸ‡¸ğŸ¶âš¾ï¸ #WWE #SamanthaIrvin #RedSox #FenwayPark #NationalAnthem
7246452441330224426,2023-06-19 17:36:26+00:00,31600.0,72.0,2610.0,1034.0,392900,Can we keep the music going in the comments? ğŸ¶ğŸ‘€ğŸ«¢ğŸ˜ #WWE #FinnBalor #SethRollins
7246390156947836206,2023-06-19 13:34:44+00:00,22700.0,96.0,1451.0,156.0,731000,Is that a new record?? ğŸ«¢ğŸ’¥ğŸ‘€ #WWE #Sheamus #PrettyDeadly
7246166647071968558,2023-06-18 23:07:24+00:00,63200.0,119.0,4371.0,197.0,807800,Love the juicy Ucey drama ğŸ¿ğŸ¤© #WWE #RomanReigns #JeyUso #JimmyUso #TheBloodline
7246088719466319147,2023-06-18 18:05:00+00:00,15700.0,31.0,701.0,95.0,402000,Pretty Sneaky! ğŸ˜ğŸ‘€ #WWE #PrettyDeadly #Sheamus
7246067401580678442,2023-06-18 16:42:17+00:00,36200.0,90.0,3076.0,341.0,526200,Happy Fatherâ€™s Day! ğŸ¥°ğŸ™ #WWE #DominikMysterio #ReyMysterio
7246038482043342123,2023-06-18 14:50:03+00:00,131900.0,386.0,8321.0,1189.0,1600000,"Feel acknowledged, Roman? ğŸ«¢â˜ï¸ #WWE #RomanReigns #TheUsos #TheBloodline"
7245772939956686123,2023-06-17 21:39:37+00:00,103200.0,307.0,6432.0,1248.0,1500000,Their family is officially torn apart ğŸ’”ğŸ˜®â€ğŸ’¨ğŸ˜­ #WWE #TheBloodline #RomanReigns #JimmyUso #JeyUso #TheUsos
7245734961465199918,2023-06-17 19:12:14+00:00,131700.0,765.0,9326.0,682.0,1600000,Why he gotta be lookinâ€™ at him like that though? ğŸ˜ğŸ‘€ #WWE #RomanReigns #PaulHeyman
7245702314122825006,2023-06-17 17:05:33+00:00,163200.0,384.0,9406.0,626.0,3400000,How did he even get up there? ğŸ˜‚ğŸªœ #WWE #AJStyles #MITB
7245688418351451435,2023-06-17 16:11:38+00:00,51100.0,120.0,3991.0,203.0,684100,Bro tried to stay chill ğŸ˜‚ğŸ”¥ #WWE #KevinOwens #SamiZayn #PrettyDeadly
7245476027793689898,2023-06-17 02:27:27+00:00,680800.0,11400.0,58300.0,6079.0,8500000,OH MY GOD ğŸ˜±ğŸ˜±ğŸ˜± #WWE #JeyUso #JimmyUso #RomanReigns #TheBloodline
7245451885845515563,2023-06-17 00:53:46+00:00,55400.0,284.0,3477.0,379.0,735400,The look on his face ğŸ¤£ #WWE #RomanReigns #PaulHeyman #SmackDown
7245386078264282411,2023-06-16 20:38:24+00:00,19600.0,32.0,1071.0,64.0,386000,Thatâ€™s why you always warm up! ğŸ‘ŠğŸ˜®â€ğŸ’¨ğŸ™† #WWE #Sheamus #CelticWarriorWorkouts #PKSubban
7245347192821599534,2023-06-16 18:07:30+00:00,107600.0,370.0,8639.0,439.0,1100000,He sounds more like The Rock than The Rock does ğŸ‘ğŸ‘ğŸ‘ğŸ˜‚ #WWE #TheRock
7245316918461107498,2023-06-16 16:10:01+00:00,12400.0,14.0,963.0,47.0,343200,ğŸ’¥ğŸ«¢ğŸ‘€ğŸ˜®â€ğŸ’¨ #WWE #ChadGable #Otis #MaxxineDupri
7245285741314510122,2023-06-16 14:09:02+00:00,53700.0,160.0,4802.0,1584.0,637500,Weâ€™d hate to see yâ€™all boo him in the commentsâ€¦ ğŸ‘€ğŸ˜ #WWE #DominikMysterio #TheJudgmentDay
7245017813851622702,2023-06-15 20:49:20+00:00,35600.0,180.0,2360.0,187.0,816400,Can somebody check on bro? ğŸ˜®â€ğŸ’¨ğŸ‘€ #WWE #MustafaAli #SantosEscobar
7244995044707487022,2023-06-15 19:20:59+00:00,186900.0,433.0,10300.0,503.0,3300000,This has to be one of the best #MITB wins ever ğŸ˜‚ğŸªœ #WWE #JohnCena
7244959373141740842,2023-06-15 17:02:34+00:00,24900.0,34.0,1614.0,114.0,469600,She did that! ğŸ˜ğŸ™ #WWE #MaxxineDupri #VikingRaiders #Valhalla #Otis
7244915943258737963,2023-06-15 14:14:02+00:00,24700.0,62.0,1884.0,115.0,490000,That was pretty spot on ğŸ˜‚ğŸ‘ #WWE #AJStyles #Bayley
7244653376712183086,2023-06-14 21:15:08+00:00,59500.0,318.0,5295.0,1303.0,604900,Whatâ€™s your pick? ğŸ¤ğŸ˜¤ #WWE #Shotzi #TheMiz #Bayley #ChelseaGreen #SonyaDeville #PrettyDeadly #ZelinaVega
7244620513480396075,2023-06-14 19:07:37+00:00,28400.0,83.0,2079.0,107.0,376000,Just a couple of hydrated homies. ğŸ¤ğŸ’§ #WWE #SamiZayn #KevinOwens #Hydrate #water
7244585293242748203,2023-06-14 16:50:56+00:00,73400.0,537.0,5290.0,1472.0,1500000,Didnâ€™t know they could get any cuter ğŸ˜ğŸ”¥ #WWE #RheaRipley #DominikMysterio #barbie #ai #CapCut
7244547811038219566,2023-06-14 14:25:29+00:00,33400.0,33.0,2214.0,84.0,644200,She â€œnoseâ€ what sheâ€™s doingâ€¦ ğŸ˜ #WWE #Bayley #Michin
7244287638407040298,2023-06-13 21:35:53+00:00,51800.0,230.0,3609.0,336.0,963200,SHE DID IT!!! ğŸ”¥ğŸ‘ğŸ‘ğŸ‘ #WWE #ChadGable #Otis #MaxxineDupri #AlphaAcademy
7244252605931670830,2023-06-13 19:19:57+00:00,68200.0,240.0,5860.0,490.0,920900,Heâ€™s so happy for Mami ğŸ¥°ğŸ¥¹ #WWE #DominikMysterio #RheaRipley
7244213243063995694,2023-06-13 16:47:12+00:00,50400.0,199.0,3287.0,294.0,668700,"Protect your glasses, YEAH! ğŸ˜‚ğŸ”¥ğŸ‘ #WWE #LAKnight #WadeBarrett"
7244180486745034027,2023-06-13 14:40:05+00:00,84700.0,573.0,7453.0,426.0,989000,What? ğŸ‘¨ğŸ»â€ğŸ¦² #WWE #SamiZayn #KevinOwens #Imperium #Gunther
7243958261274266923,2023-06-13 00:17:44+00:00,68200.0,533.0,4742.0,935.0,789500,â€¼ï¸ BREAKING: The Womenâ€™s World Championship was just presented to #RheaRipley ğŸ”¥ğŸ˜®â€ğŸ’¨ #WWE #WWERaw
7243910951433424170,2023-06-12 21:14:09+00:00,37000.0,59.0,1767.0,150.0,916400,Bro busted the screen ğŸ˜®â€ğŸ’¨ğŸ˜‚ #WWE #BrockLesnar #MITB
7243874537832582443,2023-06-12 18:52:51+00:00,52700.0,99.0,4368.0,273.0,499200,Such an amazing moment from last yearâ€™s #MITB! ğŸ¥¹ğŸ‘ğŸ‘ğŸ‘ #WWE #LivMorgan
7243844772413148459,2023-06-12 16:57:20+00:00,27400.0,80.0,1657.0,119.0,2800000,She ATE that kick ğŸ˜®â€ğŸ’¨ğŸ”¥ #WWE #RondaRousey #KaydenCarter #KatanaChance
7243805175322889514,2023-06-12 14:23:41+00:00,54200.0,172.0,3273.0,1021.0,1500000,What do yâ€™all think? ğŸ¤” #WWE #TheUsos #JeyUso #JimmyUso #SoloSikoa
7243524898264452395,2023-06-11 20:16:04+00:00,52800.0,168.0,4232.0,326.0,728600,Who doesnâ€™t like funny? ğŸ¤·ğŸ˜‚ #WWE #FinnBalor #SethRollins
7243494180780133674,2023-06-11 18:16:52+00:00,26200.0,46.0,1765.0,173.0,486700,Yâ€™all so mad and for what? ğŸ˜¡ğŸ”¥ #WWE #RondaRousey #ShaynaBaszler #IslaDawn #AlbaFyre
7243465709198511406,2023-06-11 16:26:23+00:00,12400.0,28.0,897.0,231.0,276700,Replying to @thetroydorey  Gotta add it to the collection! ğŸ¤©ğŸ†ğŸ‘‘ #WWE #CharlotteFlair
7243428482548501802,2023-06-11 14:01:55+00:00,59700.0,402.0,5768.0,417.0,677300,Bro was STRESSED! ğŸ«¨â€¼ï¸ #WWE #KevinOwens #SamiZayn
7243166916993387819,2023-06-10 21:06:55+00:00,41800.0,104.0,2398.0,632.0,606500,"Fax, no printer. ğŸ’…ğŸ”¥ #WWE #CharlotteFlair"
7243130428591197483,2023-06-10 18:45:19+00:00,118000.0,412.0,8595.0,664.0,1200000,The man was too stunned to speak ğŸ˜¶ğŸ‘€ #WWE #SethRollins #FinnBalor
7243103756752129322,2023-06-10 17:01:49+00:00,157200.0,297.0,10600.0,504.0,1800000,Bro acting like heâ€™s an Uce. ğŸ¤¨ğŸ‘Š #WWE #JeyUso #PaulHeyman #TheBloodline #TheUsos
7243076633995824427,2023-06-10 15:16:34+00:00,37600.0,126.0,2107.0,856.0,596200,What do yâ€™all think? Upgrade? ğŸ¤©ğŸ† #WWE #Asuka #WomensChampion
7242852897740950826,2023-06-10 00:48:22+00:00,42900.0,102.0,2758.0,220.0,573700,Tribal Chief #JeyUso has a nice ring to itâ€¦ ğŸ«¢ğŸ‘€ #WWE #PaulHeyman #RomanReigns #TheUsos #TheBloodline
7242792462262029610,2023-06-09 20:53:50+00:00,115200.0,364.0,7250.0,621.0,1400000,At least broâ€™s having fun  ğŸ‘ğŸ‘ğŸ‘ #WWE #TheMiz #CodyRhodes
7242768775685131563,2023-06-09 19:21:55+00:00,24200.0,81.0,1566.0,167.0,522900,Big OUCH ğŸ«¢ğŸ”¥ #WWE #BeckyLynch #SonyaDeville #ChelseaGreen
7242710543759576366,2023-06-09 15:35:57+00:00,54300.0,290.0,4936.0,457.0,809400,Weâ€™re entering his brave boi era ğŸ¤¦ğŸ‘‹ğŸ’¥ #WWE #DominikMysterio #CodyRhodes #RheaRipley
7242676977315089710,2023-06-09 13:25:42+00:00,27200.0,174.0,1654.0,671.0,473000,Replying to @DisimiautoğŸ˜®   Now you know! ğŸ¤—âœ¨ğŸ‘‘ #WWE #PrettyDeadly #KitWilson #EltonPrince
7242384263176391982,2023-06-08 18:29:49+00:00,16000.0,49.0,942.0,88.0,318900,She got TOSSED ğŸ«¢ğŸ‘€ #WWE #ChelseaGreen #BeckyLynch
7242353990749506858,2023-06-08 16:32:21+00:00,55000.0,147.0,4939.0,534.0,674800,Booing GREATNESS smh ğŸ¤¦â€â™‚ï¸ğŸ‘ #WWE #DominikMysterio #RheaRipley #CodyRhodes
7242328514811186478,2023-06-08 14:53:29+00:00,69500.0,153.0,6330.0,195.0,799100,Did they try turning it off and on again? ğŸ“ºğŸ”¥ #WWE #BrockLesnar
7242307291998113070,2023-06-08 13:31:08+00:00,154300.0,1163.0,9616.0,6997.0,1600000,"Drop a ""YEAH"" if you wanna see #LAKnight as the next Mr. #MITB ğŸªœğŸ¤‘ #WWE"
7242040337072475434,2023-06-07 20:15:13+00:00,62100.0,132.0,5161.0,296.0,752400,Whereâ€™s the lie? ğŸ¤·â€â™‚ï¸ğŸ˜‚ #WWE #DominikMysterio #CodyRhodes
7241995201584106795,2023-06-07 17:20:04+00:00,35300.0,73.0,2250.0,171.0,709200,Bro was knocked into another dimension. ğŸ˜µâ€ğŸ’«ğŸ’¥ #WWE #DamianPriest #SethRollins
7241979248930475307,2023-06-07 16:18:09+00:00,57300.0,115.0,3700.0,206.0,868200,Broâ€™s tired of waiting ğŸ˜‚ğŸ¤· #WWE #KevinOwens #Imperium
7241958770799021354,2023-06-07 14:58:41+00:00,79000.0,211.0,6536.0,630.0,1200000,NOTHING. ğŸ˜ˆğŸ”¥ #WWE #RheaRipley #DominikMysterio
7241736920005381422,2023-06-07 00:37:48+00:00,385900.0,2552.0,37700.0,3119.0,5200000,"Personally, we wouldnâ€™t let that slideâ€¦ ğŸ«¢ğŸ”¥ #WWE #CodyRhodes #DominikMysterio"
7241685227356228910,2023-06-06 21:17:12+00:00,21400.0,50.0,1449.0,160.0,475300,She didnâ€™t have to do them like thatâ€¦ğŸ«¢ğŸ˜¬ #WWE #RondaRousey #ShaynaBaszler
7241625272217308462,2023-06-06 17:24:33+00:00,189400.0,1067.0,20500.0,1041.0,1800000,"Yeah we dont need that imagery, thanks. ğŸ¤¢ğŸ‘ #WWE #SethRollins #DominikMysterio #RheaRipley"
7241602104043818283,2023-06-06 15:54:38+00:00,633600.0,1389.0,28700.0,2247.0,10100000,How many times did you watch this? Yes. ğŸ”¥ğŸ‘ğŸ¤ #WWE #SamanthaIrvin #SethRollins
7241399003269565739,2023-06-06 02:46:30+00:00,267600.0,2247.0,23300.0,5399.0,4000000,Replying to @Dimetime666 Dom Dom donâ€™t stop! ğŸ˜‚ğŸ‘‹ğŸ’¥ #WWE #DominikMysterio
7241395937237617963,2023-06-06 02:34:37+00:00,159100.0,652.0,11300.0,2883.0,4200000,How can he slap? ğŸ«¢ğŸ‘€ #WWE #DominikMysterio #CodyRhodes #RheaRipley
7241332182747335979,2023-06-05 22:27:13+00:00,34800.0,128.0,2454.0,251.0,593300,Bro went from ğŸ¤¨ to ğŸ‘ˆğŸ˜‚ #WWE #Asuka #GraysonWaller
7241287359176641838,2023-06-05 19:33:16+00:00,131800.0,225.0,5895.0,434.0,8400000,These two are so ridiculous ğŸ˜‚ğŸ¤¦â€â™‚ï¸ #WWE #PrettyDeadly #BrawlingBrutes #KitWilson #EltonPrince
7241252602430852398,2023-06-05 17:18:24+00:00,73800.0,188.0,4933.0,361.0,958300,Will things ever be the same? ğŸ‘€ğŸ˜®â€ğŸ’¨ #WWE #RomanReigns #JeyUso #JimmyUso #PaulHeyman #TheUsos #TheBloodline
7241209314873167150,2023-06-05 14:30:25+00:00,82600.0,263.0,4957.0,418.0,906400,TITLE FIGHT EVERY NIGHT! ğŸ”¥ğŸ”¥ğŸ”¥ #WWE #SethRollins #Champion
7240899561034616107,2023-06-04 18:28:25+00:00,34700.0,201.0,2270.0,223.0,474700,This is a tragedy fr ğŸ˜­ğŸ‘ #WWE #RomanReigns #SoloSikoa #JimmyUso #TheUsos #TheBloodline
7240869806054837546,2023-06-04 16:32:57+00:00,40300.0,182.0,2862.0,190.0,522500,Broâ€™s just making up nicknames now ğŸ˜‚ğŸ‘ #WWE #SamiZayn #KevinOwens
7240850469478780202,2023-06-04 15:17:55+00:00,104800.0,861.0,8132.0,1042.0,1100000,"Acknowledge him, WORLD. â˜ï¸ğŸŒ #WWE #RomanReigns #TheBloodline #AcknowledgeMe"
7240830471251283243,2023-06-04 14:00:19+00:00,133000.0,514.0,12700.0,545.0,1200000,â€œIâ€™d also betray my family for Mamiâ€ ğŸ’€ğŸ”¥ #WWE #RheaRipley #Mami
7240576430185385262,2023-06-03 21:34:30+00:00,92700.0,1286.0,8103.0,993.0,1200000,"Itâ€™s me, hi! Iâ€™m The Tribal Chie itâ€™s me. ğŸ‘‹ğŸ˜ #WWE #RomanReigns"
7240512585143946538,2023-06-03 17:26:45+00:00,61200.0,382.0,3840.0,299.0,815000,Thatâ€™s a good friend ğŸ¥¹ğŸ™ #WWE #BeckyLynch #SamiZayn #KevinOwens #WWENOC
7240476175716355374,2023-06-03 15:05:28+00:00,58700.0,83.0,3229.0,667.0,772200,Bro thinks heâ€™s gonna be champ FOREVERâ€¦ğŸ˜³ğŸ‡ºğŸ‡¸ #WWE #AustinTheory #USChamp
7240275249688808746,2023-06-03 02:05:46+00:00,102900.0,1983.0,7189.0,1938.0,1200000,BREAKING: #TripleH just unveiled #RomanReignsâ€™ NEW Undisputed WWE Universal Championship! What do you think? ğŸ”¥ #WWE #SmackDown
7240227972937026862,2023-06-02 23:02:19+00:00,20100.0,211.0,892.0,153.0,388000,#MelissaJoanHart may have a future in thisâ€¦ ğŸ¤”ğŸ¤£ #WWE #Sheamus #Fella #CelticWarriorWorkout
7240167346898210091,2023-06-02 19:07:03+00:00,90600.0,475.0,5871.0,445.0,2300000,He NOPED out so fast ğŸ˜‚ #WWE #KevinOwens #MaxxineDupri #Valhalla #VikingRaiders
7240129453765004587,2023-06-02 16:40:00+00:00,245700.0,365.0,16100.0,606.0,5300000,Youâ€™re outta here!! ğŸ‘‹ğŸ˜Š #WWE #RheaRipley #DominikMysterio #SethRollins
7240084597151665450,2023-06-02 13:45:56+00:00,26900.0,87.0,1968.0,152.0,415700,Whatâ€™s the â˜•ï¸ in the #WWE locker room? ğŸ‘€ğŸ¤­ #ChelseaGreen #SonyaDeville
7239831572201999662,2023-06-01 21:24:04+00:00,8828.0,39.0,558.0,83.0,290400,"My guy, chill! ğŸ˜¬ğŸ˜®â€ğŸ’¨ğŸ‘ #WWE #DolphZiggler #JDMcDonagh"
7239794020493430059,2023-06-01 18:58:21+00:00,373700.0,1965.0,26900.0,982.0,5600000,HE DID THE THING! ğŸ¤©ğŸ‘ğŸ‘ğŸ‘ğŸ”¥ #WWE #KevinOwens #SamiZayn #ChadGable #Otis #AlphaAcademy #ThankYou
7239730127125482798,2023-06-01 14:50:25+00:00,164200.0,651.0,14600.0,1847.0,2100000,Do you agree with these scores? ğŸ€ğŸ¤” ğŸ† #WWE #Basketball #Dunk #MiniHoop #Finals #Contest
7239457322701983019,2023-05-31 21:11:48+00:00,15900.0,71.0,1836.0,162.0,303300,Theyâ€™re VERY busyâ€¦ ğŸ‘€ğŸ”¥ğŸ˜®â€ğŸ’¨ #WWE #RheaRipley #DominikMysterio
7239410779965951275,2023-05-31 18:11:11+00:00,29100.0,113.0,1923.0,292.0,392200,We NEED to see that selfie ğŸ˜‚ğŸ”¥ğŸ‘ #WWE #SethRollins #PeoplesChamp
7239384753642786090,2023-05-31 16:30:11+00:00,57700.0,67.0,3592.0,381.0,678400,Yk that felt SOOO good. ğŸ”¥ğŸ‘ğŸ‘ğŸ‘ #WWE #SamiZayn #RomanReigns #KevinOwens #TheBloodline
7239357495616097579,2023-05-31 14:44:25+00:00,25100.0,335.0,1765.0,700.0,428300,DEEZ WHAT!? ğŸ‘€ğŸ¤£ #WWE #RondaRousey
7239091209900379438,2023-05-30 21:31:05+00:00,651700.0,3243.0,59800.0,4201.0,10000000,Oops! ğŸ¤£ğŸ¤¦ #WWE #RheaRipley #DominikMysterio #SethRollins
7239069261107367210,2023-05-30 20:05:55+00:00,37500.0,136.0,2418.0,192.0,696300,Our boyâ€™s definitely questioning his career choices after thatâ€¦ ğŸ˜®â€ğŸ’¨ğŸ¤£ #WWE #RomanReigns #SamiZayn #WWENOC
7239032224681676075,2023-05-30 17:42:12+00:00,55600.0,135.0,3741.0,201.0,779100,Bro said: â€œyou got it!â€ ğŸ˜…ğŸ’¦ #WWE #KevinOwens #Imperium
7238998773945355562,2023-05-30 15:32:23+00:00,193400.0,843.0,15400.0,1530.0,1900000,Dom Dom 4 Champ ğŸ˜®â€ğŸ’¨ğŸ”¥ #WWE #TheJudgmentDay #RheaRipley #DominikMysterio #DamianPriest #FinnBalor #SethRollins #AJStyles
7238683443209686318,2023-05-29 19:08:45+00:00,230600.0,1478.0,13400.0,993.0,3600000,Nah fr how does he do it? ğŸ˜®â€ğŸ’¨ğŸ”¥â˜ï¸ #WWE #RomanReigns #KevinOwens #WWENOC
7238617225601551662,2023-05-29 14:51:47+00:00,230400.0,968.0,20000.0,899.0,2000000,Get yourself a man like him ğŸ˜ğŸ¥°ğŸ–¤ #WWE #DominikMysterio #RheaRipley #Natalya
7238587571331353902,2023-05-29 12:56:43+00:00,52600.0,110.0,3098.0,276.0,662100,Iconic moment right here ğŸ†ğŸ‘ğŸ‘ğŸ‘#WWE #TripleH #SethRollins #WWENOC
7238296829983460650,2023-05-28 18:08:29+00:00,24500.0,110.0,1553.0,402.0,372400,Heâ€™s the GOAT for a reason. â˜ï¸ğŸ˜ #WWE #RomanReigns #TheBloodline #WWENOC
7238281879072361770,2023-05-28 17:10:28+00:00,70800.0,264.0,4170.0,1229.0,840500,Yk this reign is gonna be wild ğŸ”¥ğŸ¤ª #WWE #Asuka #WWENOC
7238258389548158251,2023-05-28 15:39:19+00:00,14800.0,25.0,754.0,288.0,309400,Who can beat The Ring General? ğŸ¤·ğŸ˜®â€ğŸ’¨ #WWE #Imperium #Gunther #ICTitle #WWENOC
7238239996820491566,2023-05-28 14:27:57+00:00,14900.0,36.0,809.0,73.0,249300,Makes your title win official ğŸ˜‚ğŸ‘ˆ #WWE #TripleH #SethRollins #WWENOC
7237964028377648430,2023-05-27 20:37:03+00:00,180300.0,448.0,9924.0,1125.0,2400000,It finally happened. ğŸ˜®â€ğŸ’¨ğŸ”¥ğŸ‘ğŸ‘ğŸ‘ #WWE #TheBloodline #SamiZayn #KevinOwens
7237949874690444587,2023-05-27 19:42:08+00:00,72900.0,263.0,3713.0,474.0,981100,"Petty, yet respectable ğŸ¤·ğŸ˜‚ #WWE #BrockLesnar #CodyRhodes #WWENOC"
7237939348170100011,2023-05-27 19:01:17+00:00,41300.0,49.0,3035.0,252.0,496000,This is so awesome! ğŸ¥¹ğŸ‘ğŸ”¥ #WWE #Natalya #WWENOC
7237927470110903598,2023-05-27 18:15:11+00:00,10400.0,13.0,609.0,74.0,269300,The Ring General is ready to ğŸ‘‹ğŸ’¥ #WWE #Imperium #Gunther #WWENOC
7237915653355736366,2023-05-27 17:29:20+00:00,53700.0,168.0,2744.0,393.0,1000000,Bro makinâ€™ threats while gettin a fade ğŸ˜‚ğŸ’ˆâœ‚ï¸ #WWE #Omos #WWENOC
7237685694783868206,2023-05-27 02:36:58+00:00,179800.0,1483.0,13000.0,1167.0,1800000,Did he really just say thatâ€¦? ğŸ˜³ğŸ‘€ #WWE #TheUsos #RomanReigns #PaulHeyman #KevinOwens #SamiZayn #WWENOC
7237659287902866734,2023-05-27 00:54:30+00:00,139900.0,1172.0,9858.0,1335.0,1900000,RESPECT. OBEY. ACKNOWLEDGE. â˜ï¸ğŸ˜¤ğŸ”¥ #WWE #RomanReigns #TheUsos #TheBloodline
7237614540626644267,2023-05-26 22:00:52+00:00,20900.0,24.0,1081.0,71.0,353900,That was only half the speed #RinusVeeKay will be going this Sunday at the #Indy500 ğŸ‘€ #WWE #BraveChange #Sheamus #CelticWarriorWorkouts
7237583724550884651,2023-05-26 20:01:17+00:00,25300.0,60.0,1517.0,187.0,482000,It ainâ€™t worth The Tribal Chiefâ€™s time ğŸ¤·â˜ï¸ #WWE #RomanReigns #WWENOC
7237563010854718763,2023-05-26 18:40:54+00:00,26200.0,153.0,1760.0,394.0,383500,Even our boy tossed up the â˜ï¸ğŸ˜‚ #WWE #RomanReigns #WWENOC #AcknowledgeMe #TribalChief
7237539161526357291,2023-05-26 17:08:21+00:00,97900.0,453.0,5493.0,558.0,1300000,Weâ€™re going to see a FIGHT at #WWENOC! ğŸ˜¤ğŸ”¥ #WWE #TripleH #BrockLesnar #CodyRhodes
7237529585511075118,2023-05-26 16:31:11+00:00,25700.0,65.0,2634.0,145.0,438600,We love a supportive Mami ğŸ˜ğŸ¥° #WWE #RheaRipley #DominikMysterio
7237491729904045358,2023-05-26 14:04:17+00:00,24100.0,71.0,1530.0,166.0,393600,"If #SethRollins wins at #WWENOC, we hope he brings this energy ğŸ˜‚ğŸ”¥â€¼ï¸ #WWE #React"
7237246901488258346,2023-05-25 22:14:14+00:00,371700.0,3574.0,29800.0,2953.0,3900000,The whole world really throwinâ€™ up the â˜ï¸rn ğŸ˜¤ #WWE #RomanReigns #AcknowledgeMe #TribalChief
7237205305766022446,2023-05-25 19:32:49+00:00,9429.0,13.0,622.0,31.0,222900,"@Arnold is back in @Netflixâ€™s #FUBAR! BUT FIRST, who did the better impression? @MikeTheMiz  or #BookerT? Comment with your pick."
7237178003619368235,2023-05-25 17:46:52+00:00,124300.0,146.0,7648.0,311.0,3100000,Have you ever seen two people have this much fun counting? ğŸ˜‚ğŸ˜ˆ #WWE #RheaRipley #DominikMysterio #ApolloCrews
7237137488723103022,2023-05-25 15:09:39+00:00,44100.0,126.0,3435.0,222.0,623600,You heard her! ğŸ¶ğŸ”¥ #WWE #BeckyLynch #TrishStratus
7236882090199928110,2023-05-24 22:38:35+00:00,407400.0,1272.0,22900.0,1279.0,6000000,Bro wanted to go HIGHER?? ğŸ˜³ #WWE #KevinOwens #WWENOC
7236863326842670379,2023-05-24 21:25:46+00:00,119600.0,434.0,7128.0,492.0,3100000,Itâ€™s the goofy strut for us ğŸ˜‚ğŸ˜‚ğŸ˜‚ #WWE #MontezFord #StreetProfits
7236818253975407918,2023-05-24 18:30:52+00:00,164000.0,718.0,15100.0,1714.0,2000000,Dom Dom does what Mami says. ğŸ«¡ğŸ˜ˆ #WWE #RheaRipley #DominikMysterio #ApolloCrews
7236782827012885802,2023-05-24 16:13:23+00:00,47600.0,111.0,3215.0,264.0,839700,She really said: ğŸƒğŸ¼â€â™€ï¸ğŸ’¨ğŸ˜± #WWE #VikingRaiders #Valhalla #MaxxineDupri
7236749683148770603,2023-05-24 14:04:46+00:00,43600.0,532.0,3238.0,331.0,582600,Itâ€™s all in the details âœ¨ğŸ¤Œ #WWE #WorldHeavyweightChampionship #WWENOC
7236492091386465582,2023-05-23 21:25:11+00:00,92600.0,442.0,5365.0,676.0,2200000,FIGHT ME! ğŸ˜¡ğŸ˜¡ğŸ˜¡ #WWE #BrockLesnar #CodyRhodes
7236457571631238446,2023-05-23 19:11:14+00:00,40400.0,283.0,2527.0,137.0,1000000,Broâ€™s got that caterpiller rizz ğŸ› #WWE #Otis #MaxxineDupri #AlphaAcademy
7236420951175630126,2023-05-23 16:49:07+00:00,150900.0,1275.0,11500.0,1550.0,2000000,How does it look? ğŸ˜‰ğŸ’„ #WWE #GRWM #Asuka #makeup #AAPI
7236370359816080683,2023-05-23 13:32:48+00:00,86000.0,754.0,6036.0,539.0,1300000,Heâ€™s wrong for this ğŸ˜‚ğŸ˜­ #WWE #BrockLesnar #MustafaAli
7236131617557744939,2023-05-22 22:06:22+00:00,106000.0,732.0,10100.0,449.0,1100000,Now you know! ğŸ˜¤â˜ï¸ #WWE #RomanReigns #AAPI #TheBloodline
7236094992719170858,2023-05-22 19:44:14+00:00,54200.0,145.0,3155.0,224.0,691600,He canâ€™t help but laugh ğŸ¤¦â€â™‚ï¸ğŸ˜‚ #WWE #RomanReigns #JohnCena #YouCantSeeMe #impersonator
7236060597580746027,2023-05-22 17:30:46+00:00,116600.0,390.0,9206.0,657.0,3000000,Mamiâ€™s unhinged ğŸ˜‚ğŸ‘ #WWE #RheaRipley
7236015513703517486,2023-05-22 14:35:49+00:00,26500.0,43.0,1948.0,127.0,425600,Leave the man alone ğŸ˜‚ğŸ¤¦ #WWE #DominikMysterio #DamianPriest #ByronSaxton
7235717368029121835,2023-05-21 19:18:52+00:00,31900.0,89.0,1912.0,175.0,494200,He really said ğŸ’¥ğŸ¤â¬‡ï¸ #WWE #Sheamus #AustinTheory
7235700183613361450,2023-05-21 18:12:11+00:00,105300.0,315.0,8640.0,497.0,1200000,It's getting too cute and it's scaring us. ğŸ‘€ğŸ˜®â€ğŸ’¨ #WWE #RheaRipley #DominikMysterio #CoupleGoals
7235666794206235950,2023-05-21 16:02:36+00:00,22800.0,24.0,1721.0,132.0,449900,"Also, how??? ğŸ˜‚ğŸ­ #WWE #MaximumMaleModels #DexterLumis"
7235639895589424430,2023-05-21 14:18:14+00:00,115300.0,549.0,10500.0,541.0,1300000,Itâ€™s the wink for us ğŸ˜‰ #WWE #RomanReigns #BrockLesnar
7235385235855150378,2023-05-20 21:50:01+00:00,46400.0,132.0,2802.0,319.0,1600000,Their hands are PRETTY BROKEN now... ğŸ‘ğŸ’¥ #WWE #PrettyDeadly #BrawlingBrutes
7235342961326837035,2023-05-20 19:05:58+00:00,86700.0,260.0,4800.0,428.0,1300000,I donâ€™t think our boyâ€™s too happy with his boys. ğŸ‘€ğŸ˜®â€ğŸ’¨ #WWE #RomanReigns #TheUsos #TheBloodline
7235311279684996395,2023-05-20 17:03:02+00:00,21100.0,50.0,951.0,100.0,468200,Mans curling a human being like itâ€™s nothing ğŸ’ªğŸ˜¤ #WWE #RickBoogs #StreetProfits
7235277843788287274,2023-05-20 14:53:17+00:00,40100.0,63.0,2414.0,144.0,833300,Bro donâ€™t know where he is after that one ğŸ‘Š #WWE #ReyMysterio #TheUsos
7235055162501647662,2023-05-20 00:29:10+00:00,189300.0,2203.0,10400.0,885.0,2500000,"Personally, we wouldn't let that slideâ€¦ ğŸ˜®â€ğŸ’¨ğŸ”¥ #WWE #RomanReigns #SamiZayn"
7235018378690235691,2023-05-19 22:06:25+00:00,160200.0,522.0,14500.0,1383.0,2500000,Mami protect ğŸ˜¤ğŸ™ğŸ»â€â™€ï¸ #WWE #RheaRipley #DominikMysterio #Mami
7234988472472325422,2023-05-19 20:10:22+00:00,17400.0,74.0,1220.0,121.0,309600,Bro just said he eats 8 eggs for breakfast ğŸ˜³ğŸ³ #WWE #VikingRaiders #diet #CelticWarriorWorkouts
7234936681017773358,2023-05-19 16:49:24+00:00,63800.0,80.0,4294.0,304.0,915500,He was real proud of himself with that last one ğŸ¤£ğŸ¤¦ #WWE #RheaRipley #FinnBalor #DominikMysterio #TheJudgmentDay #TrashTalk
7234892912377482542,2023-05-19 13:59:33+00:00,11700.0,26.0,924.0,57.0,229700,Spice up your life with some new jokes.ğŸ”¥ @Hot and Spicy Fire Wok @Gionna Daddio @Austin Creed  #HandleTheHeat #HotSpicyFireWok
7234605302673313067,2023-05-18 19:23:29+00:00,28000.0,50.0,1940.0,101.0,523200,We watched. We learned. That WAS itâ€¦ for her. ğŸ¤­ğŸ¤¦ #WWE #ChelseaGreen #Raquel #SonyaDeville
7234563879030803755,2023-05-18 16:42:44+00:00,81800.0,102.0,4667.0,150.0,1500000,Broâ€™s whole life was just made ğŸ˜‚ğŸ‘ğŸ‘ğŸ‘ #WWE #BeckyLynch #TheMan
7234525865638415659,2023-05-18 14:15:13+00:00,496400.0,1179.0,37700.0,1192.0,3700000,Let him speak Mami ğŸ™ğŸ¤£ #WWE #RheaRipley #DominikMysterio #XavierWoods
7234260982879604010,2023-05-17 21:07:21+00:00,64900.0,136.0,4347.0,373.0,1600000,FLABBERGASTED to say the least ğŸ˜³ğŸ”¥ #WWE #LivMorgan #DakotaKai
7234231512483450158,2023-05-17 19:12:59+00:00,25100.0,117.0,1852.0,152.0,394900,Immediately no. ğŸ”„ğŸš¶â€â™‚ï¸ #WWE #Imperium #Gunther #AkiraTozawa
7234190142632774958,2023-05-17 16:32:27+00:00,505800.0,4918.0,51100.0,2754.0,5500000,Mami got him good! ğŸ¤£ğŸ¤£ğŸ¤£ #WWE #RheaRipley
7234156764596374826,2023-05-17 14:22:55+00:00,120300.0,231.0,10900.0,341.0,1700000,Why are they turning into #CoupleGoals ? ğŸ‘€ğŸ˜³ #WWE #DominikMysterio #RheaRipley
7233910027159915818,2023-05-16 22:25:27+00:00,19300.0,72.0,1565.0,241.0,494600,Not cool #Asuka. Not cool. ğŸ¤® #WWE #BiancaBelair
7233863549074918698,2023-05-16 19:25:06+00:00,38900.0,112.0,2394.0,311.0,748900,Not the rhetorical questions ğŸ’€ğŸ¤£ #WWE #RondaRousey #Raquel
7233833295547485483,2023-05-16 17:27:42+00:00,87100.0,873.0,11900.0,1420.0,667900,Does it get any tougher than Samoans in the ring? â˜ï¸ğŸ˜¤ #WWE #AAPI #TheBloodline
7233807289973591342,2023-05-16 15:46:47+00:00,159000.0,490.0,11900.0,568.0,1800000,Dom said: ğŸ˜¡ She said: ğŸ¤£ğŸ‘ğŸ‘ğŸ‘ #WWE #DominikMysterio #SamiZayn #RheaRipley
7233572247720496427,2023-05-16 00:34:42+00:00,37900.0,144.0,3001.0,258.0,829500,Mami really said ğŸ‘ŠğŸ˜¤ #WWE #RheaRipley #DominikMysterio #KevinOwens #SamiZayn #TheJudgmentDay
7233526067384880427,2023-05-15 21:35:30+00:00,125700.0,295.0,7694.0,642.0,1500000,He just did his boys dirty ğŸ˜®â€ğŸ’¨â˜ï¸#WWE #RomanReigns #SoloSikoa #TheUsos #JimmyUso #JeyUso #TheBloodline
7233489832062831914,2023-05-15 19:14:53+00:00,46900.0,71.0,2539.0,118.0,982100,This was pretty ğŸ”¥ ngl ğŸ‘ğŸ‘ğŸ‘ #WWE #ReyMysterio #Edge #AJStyles
7233462468708764971,2023-05-15 17:28:42+00:00,51000.0,73.0,4073.0,498.0,655100,He got Mami to stand down ğŸ‘€ğŸ”¥ #WWE #RheaRipley #DominikMysterio #Natalya
7233427214690192682,2023-05-15 15:11:54+00:00,15900.0,58.0,1399.0,91.0,281800,Can you handle the heat?ğŸ¥£ ğŸ”¥ @Hot and Spicy Fire Wok @Austin Creed @KanaChanTV01 @Gionna Daddio #HandleTheHeat #HotSpicyFireWok
7233138477372558635,2023-05-14 20:31:27+00:00,30100.0,92.0,2397.0,443.0,410300,Not cool #Asuka. Not cool. ğŸ¤®
7233099712696470826,2023-05-14 18:01:01+00:00,33900.0,134.0,1871.0,221.0,471700,Get yourself someone who looks at you like #PaulHeyman looks at #RomanReigns ğŸ˜
7233068917764328750,2023-05-14 16:01:31+00:00,258399.0,600.0,16400.0,492.0,2500000,She knows! ğŸ˜‚ğŸ™Œ #WWE #BeckyLynch
7233056936529349934,2023-05-14 15:15:02+00:00,511100.0,4036.0,70500.0,2179.0,5000000,Happy Mami's Day! ğŸ˜ˆğŸ˜ #WWE #DominikMysterio #RheaRipley #Mami
7232777413745331502,2023-05-13 21:10:20+00:00,53300.0,238.0,3949.0,574.0,849200,The Tribal Daddy talking to his Ucey Boys ğŸ˜‚â˜ï¸#WWE #RomanReigns #TheUsos #TheBloodline
7232746639394442539,2023-05-13 19:10:55+00:00,23000.0,57.0,1185.0,104.0,388500,ğŸ‘ŠğŸ’¥ğŸ‘ŠğŸ’¥ğŸ‘ŠğŸ’¥ #WWE #Sheamus #AustinTheory
7232713988260236586,2023-05-13 17:04:13+00:00,18600.0,69.0,1167.0,108.0,305600,Edge has still got it! ğŸ˜¤ #WWE #Edge #ReyMysterio #AJStyles
7232684539402030382,2023-05-13 15:09:56+00:00,155900.0,639.0,11200.0,1302.0,2100000,My guy won in SECONDS! ğŸ¤¯ #WWE #CameronGrimes #BaronCorbin
7232477240167075118,2023-05-13 01:45:31+00:00,192500.0,1096.0,14100.0,1436.0,1900000,Whoâ€™s the ğŸ¤¡ now? ğŸ‘€ğŸ˜®â€ğŸ’¨ #WWE #RomanReigns #TheUsos #TheBloodline
7232418721292406062,2023-05-12 21:58:26+00:00,14600.0,58.0,1355.0,98.0,287900,Work that core like a WWE Superstar! ğŸ”¥ğŸ˜®â€ğŸ’¨ #WWE #SonyaDeville #Workout #exercise #CelticWarriorWorkouts @Daria_SonyaDeville ğŸŒˆ
7232385123927231786,2023-05-12 19:48:03+00:00,46300.0,68.0,3958.0,114.0,707500,Mami was startled ğŸ˜®â€ğŸ’¨ğŸ™ #WWE #DominikMysterio #RheaRipley
7232351744854953258,2023-05-12 17:38:31+00:00,16200.0,45.0,953.0,69.0,320400,Big boi doinâ€™ big boi things ğŸ˜¤ğŸ”¥ #WWE #Khali #ReyMysterio
7232298601781775658,2023-05-12 14:12:18+00:00,43800.0,111.0,3085.0,181.0,1200000,Nerd boyâ€™s lookinâ€™ dazed ğŸ˜µâ€ğŸ’« #WWE #RheaRipley #DominikMysterio #XavierWoods
7232037123489221934,2023-05-11 21:17:38+00:00,65900.0,64.0,4471.0,151.0,784500,Not Dom Dom pretending he was chillinâ€™ ğŸ˜‚ğŸ‘ #WWE #DominikMysterio #RheaRipley #XavierWoods
7232003167372709163,2023-05-11 19:05:52+00:00,37800.0,61.0,2551.0,130.0,527400,Get that â˜ï¸out of his face! #WWE #Imperium #KevinOwens #SamiZayn
7231971023040679211,2023-05-11 17:01:08+00:00,248700.0,1928.0,19700.0,1044.0,4099999,Classic Eddie ğŸ˜‚ğŸ™Œ #WWE #EddieGuerrero #Batista
7231954447826537771,2023-05-11 15:56:48+00:00,52700.0,148.0,4326.0,531.0,635900,Whoâ€™s ridinâ€™ with #Shotzi? ğŸ¤”ğŸ™‹â€â™€ï¸#WWE #filter
7231664276644171051,2023-05-10 21:10:48+00:00,67100.0,207.0,5431.0,336.0,782600,ğŸ˜¡ğŸ˜¤ğŸ˜–ğŸ‘Š #WWE #SethRollins #ShinsukeNakamura
7231633810558078254,2023-05-10 19:12:34+00:00,29800.0,53.0,2016.0,162.0,488300,Did you forget? He didnâ€™t. ğŸ˜ˆ #WWE #FinnBalor #SethRollins
7231602574242237738,2023-05-10 17:11:22+00:00,58200.0,186.0,5551.0,200.0,770800,Mami has such a way with words ğŸ˜ #WWE #RheaRipley #DominikMysterio #XavierWoods
7231547878970264874,2023-05-10 13:39:07+00:00,330900.0,1701.0,30600.0,4110.0,3000000,Who had the best reaction? ğŸ‘ŠğŸ¬ #WWE #DominikMysterio #Omos #LivMorgan #Otis #fistbump
7231298608300330286,2023-05-09 21:31:49+00:00,119700.0,554.0,6544.0,547.0,2500000,Bro wasnâ€™t into it fr ğŸ˜‚ğŸ‘ #WWE #KevinOwens #Imperium #SamiZayn
7231263444698402094,2023-05-09 19:15:22+00:00,130300.0,235.0,10800.0,335.0,1500000,Hype man Dom ğŸ‘ğŸ‘ğŸ‘ #WWE #DominikMysterio #RheaRipley
7231222185837464878,2023-05-09 16:35:15+00:00,145400.0,672.0,13700.0,1202.0,1800000,Mami is so lucky to have him ğŸ¥°ğŸ˜˜ #WWE #DominikMysterio #RheaRipley
7231189771391995179,2023-05-09 14:29:28+00:00,42100.0,207.0,2582.0,342.0,1100000,Conceited king ğŸ˜ŠğŸ‘‘ #WWE #BrockLesnar #CodyRhodes
7230990326977121578,2023-05-09 01:35:32+00:00,190000.0,2027.0,12600.0,2040.0,3900000,LOOK AT IT!!! ğŸ˜¡ğŸ˜¤ #WWE #BrockLesnar #WWERaw
7230933227026795818,2023-05-08 21:53:57+00:00,120000.0,2803.0,8114.0,942.0,1800000,Rough night for @Bad Bunny ğŸ˜®â€ğŸ’¨ğŸ”¥ğŸ’¥ #WWE #BadBunny #DamianPriest #WWEBacklash
7230856419652750634,2023-05-08 16:55:54+00:00,116900.0,130.0,8168.0,589.0,1900000,Proud mama! ğŸ‘ğŸ¥¹ğŸ”¥ğŸ‡µğŸ‡· #WWE #RheaRipley #ZelinaVega #WWEBacklash
7230828663892364590,2023-05-08 15:08:11+00:00,70700.0,260.0,4836.0,330.0,1000000,Dom Dom is not cool ğŸğŸ˜ #WWE #DominikMysterio #Carlito #ReyMysterio #WWEBacklash
7230519537186213163,2023-05-07 19:08:37+00:00,153500.0,314.0,9248.0,410.0,2900000,"Close one, my dawg. ğŸ‘€ğŸ˜®â€ğŸ’¨ #WWE #SoloSikoa #TheUsos #JeyUso #WWEBacklash"
7230505773485378859,2023-05-07 18:15:13+00:00,71900.0,257.0,5498.0,322.0,1000000,Much earned celebration ğŸ‡µğŸ‡·ğŸ‘ŠğŸ° #WWE #BadBunny #ReyMysterio #LWO #Carlito #WWEBacklash
7230468657233693998,2023-05-07 15:51:11+00:00,46400.0,179.0,3737.0,316.0,982500,Mami doesn't share the spotlight ğŸ˜¤ğŸ˜ˆ #WWE #RheaRipley #ZelinaVega #WWEBacklash
7230440765942451498,2023-05-07 14:02:57+00:00,148200.0,818.0,10600.0,1107.0,1700000,Nobody gets us amped up quite like her ğŸ”¥ğŸ‘ğŸ˜¤ #WWE #BadBunny #SamanthaIrvin
7230285214734617902,2023-05-07 03:59:20+00:00,240600.0,2963.0,18400.0,1666.0,4099999,"Good to see ya, #Carlito! ğŸğŸ‘ğŸ”¥ #WWE #DominikMysterio #FinnBalor #WWEBacklash"
7230275894412135722,2023-05-07 03:23:10+00:00,55900.0,450.0,2997.0,249.0,1000000,Our boy ainâ€™t playinâ€™ tonight fr ğŸ˜®â€ğŸ’¨ğŸ˜¤ #WWE #BadBunny #DamianPriest #WWEBacklash
7230271139157708078,2023-05-07 03:04:43+00:00,40200.0,325.0,2834.0,276.0,709800,Jack Link's Sasquatch has arrived at #WWEBacklash and wants you to #FeedYourWildSide! #ad
7230267530307259691,2023-05-07 02:50:42+00:00,77300.0,1478.0,3288.0,474.0,1700000,OMGâ€¦ ğŸ«¢ #WWE #BadBunny #DamianPriest
7230255490159234347,2023-05-07 02:03:59+00:00,256399.0,6831.0,20100.0,1647.0,3100000,#BadBunny came for a fight and he came ready! ğŸ°ğŸ˜¤ğŸ”¥ğŸ‡µğŸ‡· #WWE #WWEBacklash
7230246970374229291,2023-05-07 01:30:55+00:00,87500.0,1170.0,6732.0,917.0,1000000,Mamiâ€™s here! ğŸ˜ğŸ¤ğŸ˜ˆ #WWE #RheaRipley #WWEBacklash
7230242406514461998,2023-05-07 01:13:13+00:00,65099.0,578.0,2843.0,305.0,2500000,Bro didnt even flinch ğŸ˜³ #WWE #Omos #SethRollins #WWEBacklash
7230190510043073838,2023-05-06 21:51:50+00:00,59100.0,265.0,4866.0,284.0,712200,Comedic Uce ğŸ˜‚ğŸ˜‚ğŸ˜‚ #WWE #TheUsos #JimmyUso #JeyUso
7230163786819226923,2023-05-06 20:08:08+00:00,143900.0,913.0,9956.0,798.0,2000000,Itâ€™s giving tourist ğŸ˜‚ğŸ‡µğŸ‡· #WWE #FinnBalor #TheJudgmentDay #PuertoRico
7230132027276905774,2023-05-06 18:04:53+00:00,48300.0,107.0,2743.0,395.0,769100,LETâ€™S GO! Can #CodyRhodes conquer The Beast TONIGHT at #WWEBacklash? ğŸ”¥ğŸ‘€ #WWE #BrockLesnar
7230062787421080875,2023-05-06 13:36:12+00:00,42200.0,93.0,3402.0,381.0,1100000,WHEN WILL IT END DOM DOM? ğŸ˜©ğŸ¤¦â€â™‚ï¸ #WWE #DominikMysterio #ReyMysterio
7229900906802711851,2023-05-06 03:08:01+00:00,51400.0,250.0,3603.0,241.0,807000,ğŸ° x LWO ğŸ”¥ğŸ‡µğŸ‡· #WWE #BadBunny #ReyMysterio #LWO
7229891470969294123,2023-05-06 02:31:24+00:00,687600.0,8707.0,42200.0,3356.0,11800000,Our boy came prepared! ğŸ˜¤ğŸ”¥ Itâ€™s going to be WAR at #WWEBacklash #WWE #BadBunny #DamianPriest
7229859154448452907,2023-05-06 00:26:00+00:00,427700.0,683.0,34400.0,2879.0,10100000,Bro has NO respect ğŸ¤¦â€â™‚ï¸ğŸ‘ #WWE #DominikMysterio #ReyMysterio
7229825526083620142,2023-05-05 22:15:30+00:00,351500.0,1592.0,26000.0,1279.0,3300000,"Thatâ€™s one Ucey family, my dawg â˜ï¸â˜ºï¸ #WWE #TheUsos #AAPI #aapifamily #JimmyUso #JeyUso"
7229795515154795822,2023-05-05 20:19:03+00:00,150200.0,363.0,13600.0,589.0,1900000,Mami says: NO. â˜ï¸ğŸ”¥ #WWE #DominikMysterio #RheaRipley #ZelinaVega #ReyMysterio #WWEBacklash
7229769442857667882,2023-05-05 18:37:52+00:00,111400.0,1216.0,8035.0,668.0,1700000,#BadBunny just SLAPPED #DamianPriest at the #WWEBacklash Press Conference! ğŸ‘‹ğŸ’¥ #WWE #TripleH
7229698752465112366,2023-05-05 14:03:33+00:00,465100.0,2346.0,42300.0,1612.0,6600000,Mami? Sorryâ€¦ Daddy? ğŸ‘€ğŸ˜‚ #WWE #DominikMysterio #RheaRipley
7229433283115896110,2023-05-04 20:53:24+00:00,103600.0,254.0,7915.0,840.0,1200000,Ucey or nah? ğŸ¤­ğŸ‘ #WWE #SamiZayn #JeyUso #KevinOwens #Ucey
7229402377684634926,2023-05-04 18:53:28+00:00,48600.0,247.0,2173.0,1102.0,1300000,Drop a YEAH below if you thought that was awesome! ğŸ‘‡ğŸ˜ #WWE #LAKnight #Butch
7229359464619478318,2023-05-04 16:06:57+00:00,133000.0,476.0,10400.0,486.0,2100000,He really said ğŸ‘ŠğŸ˜´ğŸ˜œ #WWE #RTruth #knockout
7229325084480294190,2023-05-04 13:53:32+00:00,761900.0,7603.0,69500.0,5050.0,7200000,ğŸ‘€ #WWE #RheaRipley #DominikMysterio
7229073312230542638,2023-05-03 21:36:32+00:00,57300.0,110.0,4732.0,422.0,744700,"Sorry Dom Dom, couldnt hear you over all that BOOING! ğŸ˜‚ğŸ‘ #WWE #DominikMysterio #RheaRipley"
7229037186715438382,2023-05-03 19:16:21+00:00,236700.0,1786.0,26900.0,1637.0,2300000,Dom Dom about to get the ğŸ©´ğŸ’¥ğŸ©´ğŸ’¥ğŸ©´ğŸ’¥ #WWE #DominikMysterio #ReyMysterio #LWO
7228995898670468394,2023-05-03 16:36:08+00:00,581600.0,2165.0,48400.0,1540.0,7300000,â€œI GOTCHU!â€ *tosses friend out of the ring* ğŸ’ªğŸ˜¤ #WWE #BraunStrowman #Ricochet
7228961617172565290,2023-05-03 14:23:06+00:00,45200.0,44.0,2352.0,108.0,1200000,Itâ€™s all legalâ€¦if the ref doesnâ€™t see it! ğŸ‘€ğŸ˜‚ #WWE #LivMorgan #Bayley #DamageCTRL #Cheating
7228697201374022955,2023-05-02 21:17:02+00:00,56800.0,167.0,3352.0,1014.0,799000,Roman about to add it to his collectionâ€¦ ğŸ‘€ğŸ”¥ #WWE #RomanReigns #PaulHeyman #WorldHeavyweightChampion
7228668082502290731,2023-05-02 19:24:02+00:00,748600.0,2167.0,34700.0,3470.0,8199999,Her voice is just ğŸ˜ŠğŸ¤Œ #WWE #SamanthaIrvin #SamiZayn #KevinOwens
7228629782408318250,2023-05-02 16:55:24+00:00,109200.0,194.0,9551.0,508.0,1800000,"Sorry, youâ€™re not worthy of Mamiâ€™s touch ğŸ˜ˆğŸ”¥ #WWE #RheaRipley #DominikMysterio"
7228591139773762862,2023-05-02 14:25:27+00:00,24600.0,135.0,1501.0,261.0,465000,When in Franceâ€¦ ğŸ¥–ğŸ’¥ #WWE #Otis #ChadGable #AlphaAcademy #WWEParis #Baguette
7228405462503378219,2023-05-02 02:24:56+00:00,37900.0,127.0,3504.0,600.0,547800,"They donâ€™t wanna hear it, Dom Dom! ğŸ˜‚ğŸ‘ #WWE #DominikMysterio"
7228379255950839083,2023-05-02 00:43:14+00:00,49500.0,218.0,4540.0,431.0,560000,Replying to @khlokhlo127 Mami runs #WWERaw ğŸ˜ˆğŸ”¥ #WWE #RheaRipley #WWEDraft
7228375585230277930,2023-05-02 00:29:00+00:00,48000.0,114.0,2835.0,192.0,683600,Mami is the #1 Draft Pick ğŸ˜ˆğŸ’… #WWE #RheaRipley #TripleH #WWEDraft
7228293009698311467,2023-05-01 19:08:33+00:00,17900.0,19.0,922.0,109.0,349100,Will #BronsonReed continue his path of destruction on #WWERaw?  #WWEDraft #WWE
7228267947058400555,2023-05-01 17:31:18+00:00,57700.0,62.0,2900.0,212.0,828800,Will our #WWEDraft filter's prediction come true? Will our boys stay together following the #WWEDraft? ğŸ™ ğŸ˜®â€ğŸ’¨ #WWE #Otis #ChadGable #AlphaAcademy
7228253354898509098,2023-05-01 16:34:41+00:00,16400.0,37.0,965.0,111.0,313800,"Wherever the # WWEDraft takes #RickBoogs, heâ€™ll still be rockinâ€™ out ğŸ¤˜ ğŸ¸  #WWE"
7228239037599927595,2023-05-01 15:39:07+00:00,16200.0,15.0,851.0,150.0,332500,Our #WWEDraft filter has plans for #BaronCorbin... will they come true? ğŸ‘€ğŸ’¥ #WWE @baroncorbinwwe
